trial_index,subject_id,task_protocol,input_mode,evaluation_mode,fold_index,held_out_condition,block_index,sequence_number,condition_order,condition_id,sequence_trial_index,target_count,from_target_index,to_target_index,model_sha256,dataset_sha256,split_manifest_sha256,provenance_valid,provenance_errors,input_segment_ids,input_source_files,input_sample_ranges,stream_instance_ids,replay_wrap_count,distance_config_m,distance_center_m,distance_actual_m,target_width_m,effective_stop_radius_m,index_of_difficulty_bits,timing_clock,selection_made,hit,miss,timeout,success,movement_time_s,confirmation_time_s,selection_confirmation_delay_s,wall_movement_time_s,observed_real_time_factor,throughput_bits_per_s,classification_errors,direction_errors,prediction_count,classification_accuracy,mean_inference_ms,p95_inference_ms,mean_control_latency_ms,p95_control_latency_ms,path_length_m,direction_switches,endpoint_radial_error_m,endpoint_axis_error_m,endpoint_orthogonal_error_m,effective_amplitude_m,start_target_x,start_target_y,start_x,start_y,target_x,target_y,first_selection_x,first_selection_y,confirmed_end_x,confirmed_end_y,end_x,end_y,timestamp
1,1,short_multidirectional_EMG_robot_v4_adaptive_control,heldout_replay_autopilot,1,1,dynamic,1,1,1,FORMAL_A180_W060,1,7,0,3,600772057b82e9959c9aeb7b3b7837360aa53515630d0b85f76eac28e15c0b72,a74323189f537088b6296b94bab737582d2c5d3ef8ef6554eed6ae5a46110a2d,8fe8c76a91d44a492e212c1fd2afdfed2006048f61d6d1346c935e9a8664253f,1,0,"[""dynamic/hands_down_v1_Plot_and_Store_Rep_1.9.hpf"", ""dynamic/hands_open_v1_Plot_and_Store_Rep_1.7.hpf"", ""dynamic/rest_v1_Plot_and_Store_Rep_1.5.hpf""]","[""dynamic/hands_down_v1_Plot_and_Store_Rep_1.9.hpf"", ""dynamic/hands_open_v1_Plot_and_Store_Rep_1.7.hpf"", ""dynamic/rest_v1_Plot_and_Store_Rep_1.5.hpf""]","{""dynamic/hands_down_v1_Plot_and_Store_Rep_1.9.hpf"": [132, 196], ""dynamic/hands_open_v1_Plot_and_Store_Rep_1.7.hpf"": [265, 287], ""dynamic/rest_v1_Plot_and_Store_Rep_1.5.hpf"": [551, 552]}","[23, 24, 25, 26]",0,0.18,0.18000000000000002,0.15684876749032553,0.06,0.027,2.0,ros_time,1,1,0,0,1,14.488,14.736,0.248,28.315644093,0.5204190288450099,0.13804527885146328,10,10,59,0.8305084745762712,5.553184949152542,11.363928,25.2,48.0,0.24141240065828976,6,0.026416195344983597,-0.026007440834292486,-0.0046290817399468115,0.13048103507601588,-0.11661364861617046,0.4492600889647722,-0.12174054981690921,0.42397374048182496,-0.07655988050403387,0.27377306477204394,-0.08686010152433957,0.29809837717367993,-0.08686010152622071,0.29809837716339566,-0.08686010152433957,0.29809837717367993,2026-07-27T20:12:05
2,1,short_multidirectional_EMG_robot_v4_adaptive_control,heldout_replay_autopilot,1,1,dynamic,1,1,1,FORMAL_A180_W060,2,7,3,6,600772057b82e9959c9aeb7b3b7837360aa53515630d0b85f76eac28e15c0b72,a74323189f537088b6296b94bab737582d2c5d3ef8ef6554eed6ae5a46110a2d,8fe8c76a91d44a492e212c1fd2afdfed2006048f61d6d1346c935e9a8664253f,1,0,"[""dynamic/hands_close_v1_Plot_and_Store_Rep_1.6.hpf"", ""dynamic/hands_up_v1_Plot_and_Store_Rep_1.8.hpf"", ""dynamic/rest_v1_Plot_and_Store_Rep_1.5.hpf""]","[""dynamic/hands_close_v1_Plot_and_Store_Rep_1.6.hpf"", ""dynamic/hands_up_v1_Plot_and_Store_Rep_1.8.hpf"", ""dynamic/rest_v1_Plot_and_Store_Rep_1.5.hpf""]","{""dynamic/hands_up_v1_Plot_and_Store_Rep_1.8.hpf"": [423, 442], ""dynamic/hands_close_v1_Plot_and_Store_Rep_1.6.hpf"": [72, 90], ""dynamic/rest_v1_Plot_and_Store_Rep_1.5.hpf"": [493, 494]}","[27, 28, 29]",0,0.18,0.18,0.15472323473668256,0.06,0.027,2.0,ros_time,1,1,0,0,1,9.972,10.22,0.248,22.327577262,0.4577299131058764,0.20056157240272765,0,0,41,1.0,6.311700097560975,12.032437999999999,26.634146341463413,40.0,0.18398995253388392,1,0.026704422211278785,-0.02321566792349861,-0.013196928752709,0.13134395427715945,-0.07655988050403387,0.27377306477204394,-0.08686010153000066,0.2980983771433559,-0.1887880448386059,0.4145027316162893,-0.16399553827421015,0.40458014204034526,-0.16456089971315824,0.4045799410668277,-0.16399553827421015,0.40458014204034526,2026-07-27T20:12:26
3,1,short_multidirectional_EMG_robot_v4_adaptive_control,heldout_replay_autopilot,1,1,dynamic,1,1,1,FORMAL_A180_W060,3,7,6,2,600772057b82e9959c9aeb7b3b7837360aa53515630d0b85f76eac28e15c0b72,a74323189f537088b6296b94bab737582d2c5d3ef8ef6554eed6ae5a46110a2d,8fe8c76a91d44a492e212c1fd2afdfed2006048f61d6d1346c935e9a8664253f,1,0,"[""dynamic/hands_down_v1_Plot_and_Store_Rep_1.9.hpf"", ""dynamic/hands_open_v1_Plot_and_Store_Rep_1.7.hpf"", ""dynamic/rest_v1_Plot_and_Store_Rep_1.5.hpf""]","[""dynamic/hands_down_v1_Plot_and_Store_Rep_1.9.hpf"", ""dynamic/hands_open_v1_Plot_and_Store_Rep_1.7.hpf"", ""dynamic/rest_v1_Plot_and_Store_Rep_1.5.hpf""]","{""dynamic/hands_open_v1_Plot_and_Store_Rep_1.7.hpf"": [224, 335], ""dynamic/hands_down_v1_Plot_and_Store_Rep_1.9.hpf"": [173, 195], ""dynamic/rest_v1_Plot_and_Store_Rep_1.5.hpf"": [497, 498]}","[30, 31, 32, 33]",1,0.18,0.18,0.1538747853828865,0.06,0.027,2.0,ros_time,1,1,0,0,1,16.992,17.236,0.244,35.241996617,0.489075581821199,0.11770244821092278,20,20,69,0.7101449275362319,5.922754463768116,11.03271,25.333333333333332,44.0,0.3282237029782406,4,0.02604599225775242,-0.01830806556560657,0.018525885888031106,0.13555869344263782,-0.1887880448386059,0.4145027316162893,-0.16456089971188598,0.40457994104759126,-0.026613648616170466,0.3364036585751288,-0.03507056508273414,0.3610384769541724,-0.03507056512243929,0.3610383387803401,-0.03507056508273414,0.3610384769541724,2026-07-27T20:13:00
4,1,short_multidirectional_EMG_robot_v4_adaptive_control,heldout_replay_autopilot,1,1,dynamic,1,1,1,FORMAL_A180_W060,4,7,2,5,600772057b82e9959c9aeb7b3b7837360aa53515630d0b85f76eac28e15c0b72,a74323189f537088b6296b94bab737582d2c5d3ef8ef6554eed6ae5a46110a2d,8fe8c76a91d44a492e212c1fd2afdfed2006048f61d6d1346c935e9a8664253f,1,0,"[""dynamic/hands_close_v1_Plot_and_Store_Rep_1.6.hpf"", ""dynamic/hands_down_v1_Plot_and_Store_Rep_1.9.hpf"", ""dynamic/rest_v1_Plot_and_Store_Rep_1.5.hpf""]","[""dynamic/hands_close_v1_Plot_and_Store_Rep_1.6.hpf"", ""dynamic/hands_down_v1_Plot_and_Store_Rep_1.9.hpf"", ""dynamic/rest_v1_Plot_and_Store_Rep_1.5.hpf""]","{""dynamic/hands_close_v1_Plot_and_Store_Rep_1.6.hpf"": [50, 83], ""dynamic/hands_down_v1_Plot_and_Store_Rep_1.9.hpf"": [137, 137], ""dynamic/rest_v1_Plot_and_Store_Rep_1.5.hpf"": [458, 459]}","[34, 35, 36]",0,0.18,0.18,0.17330290522733785,0.06,0.027,2.0,ros_time,1,1,0,0,1,8.968,9.22,0.252,19.496037576,0.47291661005772784,0.22301516503122212,0,0,37,1.0,6.127704162162162,10.516999,24.324324324324323,52.0,0.16051099894492163,1,0.026207666687458456,-0.012491362712432369,-0.023039263243154584,0.1590517207749561,-0.026613648616170466,0.3364036585751288,-0.035070565128782,0.36103833876129166,-0.20661364861617046,0.3364036585751288,-0.1941222859037381,0.3594429218182834,-0.19412228590245928,0.35944292181051263,-0.1941222859037381,0.3594429218182834,2026-07-27T20:13:21
5,1,short_multidirectional_EMG_robot_v4_adaptive_control,heldout_replay_autopilot,1,1,dynamic,1,1,1,FORMAL_A180_W060,5,7,5,1,600772057b82e9959c9aeb7b3b7837360aa53515630d0b85f76eac28e15c0b72,a74323189f537088b6296b94bab737582d2c5d3ef8ef6554eed6ae5a46110a2d,8fe8c76a91d44a492e212c1fd2afdfed2006048f61d6d1346c935e9a8664253f,1,0,"[""dynamic/hands_open_v1_Plot_and_Store_Rep_1.7.hpf"", ""dynamic/hands_up_v1_Plot_and_Store_Rep_1.8.hpf"", ""dynamic/rest_v1_Plot_and_Store_Rep_1.5.hpf""]","[""dynamic/hands_open_v1_Plot_and_Store_Rep_1.7.hpf"", ""dynamic/hands_up_v1_Plot_and_Store_Rep_1.8.hpf"", ""dynamic/rest_v1_Plot_and_Store_Rep_1.5.hpf""]","{""dynamic/hands_open_v1_Plot_and_Store_Rep_1.7.hpf"": [286, 313], ""dynamic/hands_up_v1_Plot_and_Store_Rep_1.8.hpf"": [435, 443], ""dynamic/rest_v1_Plot_and_Store_Rep_1.5.hpf"": [455, 456]}","[37, 38, 39]",0,0.18,0.18000000000000002,0.159488536194218,0.06,0.027,2.0,ros_time,1,1,0,0,1,9.488,9.748,0.26,20.3863989,0.4781619376632525,0.21079258010118046,0,0,39,1.0,5.783929051282051,11.483021,25.435897435897434,44.0,0.1719851727000167,1,0.02640073259197686,-0.018248692208057013,-0.01907836245825801,0.14050061719553666,-0.20661364861617046,0.3364036585751288,-0.1941222858993479,0.359442921791591,-0.044439252393735015,0.4145027316162893,-0.052602964713498804,0.38939591018160336,-0.05260305104379136,0.38997115892534917,-0.052602964713498804,0.38939591018160336,2026-07-27T20:13:40
6,1,short_multidirectional_EMG_robot_v4_adaptive_control,heldout_replay_autopilot,1,1,dynamic,1,1,1,FORMAL_A180_W060,6,7,1,4,600772057b82e9959c9aeb7b3b7837360aa53515630d0b85f76eac28e15c0b72,a74323189f537088b6296b94bab737582d2c5d3ef8ef6554eed6ae5a46110a2d,8fe8c76a91d44a492e212c1fd2afdfed2006048f61d6d1346c935e9a8664253f,1,0,"[""dynamic/hands_close_v1_Plot_and_Store_Rep_1.6.hpf"", ""dynamic/hands_down_v1_Plot_and_Store_Rep_1.9.hpf"", ""dynamic/rest_v1_Plot_and_Store_Rep_1.5.hpf""]","[""dynamic/hands_close_v1_Plot_and_Store_Rep_1.6.hpf"", ""dynamic/hands_down_v1_Plot_and_Store_Rep_1.9.hpf"", ""dynamic/rest_v1_Plot_and_Store_Rep_1.5.hpf""]","{""dynamic/hands_down_v1_Plot_and_Store_Rep_1.9.hpf"": [112, 223], ""dynamic/hands_close_v1_Plot_and_Store_Rep_1.6.hpf"": [0, 111], ""dynamic/rest_v1_Plot_and_Store_Rep_1.5.hpf"": [518, 519]}","[40, 41, 42, 43, 45]",1,0.18,0.18000000000000002,0.15598522136610224,0.06,0.027,2.0,ros_time,1,1,0,0,1,12.22,12.468,0.248,26.066735477,0.47831075782393795,0.1636661211129296,4,5,50,0.92,5.77309696,10.849699000000001,27.84,56.0,0.21378402655412598,4,0.02653985671990371,-0.025961575300784485,-0.005510045609132014,0.1297688236339601,-0.044439252393735015,0.4145027316162893,-0.052603051048760216,0.3899711589059215,-0.15666741672830706,0.27377306477204394,-0.1447885664151345,0.29750609892173197,-0.14478856641485155,0.2975060989113838,-0.1447885664151345,0.29750609892173197,2026-07-27T20:14:06
7,1,short_multidirectional_EMG_robot_v4_adaptive_control,heldout_replay_autopilot,1,1,dynamic,1,1,1,FORMAL_A180_W060,7,7,4,0,600772057b82e9959c9aeb7b3b7837360aa53515630d0b85f76eac28e15c0b72,a74323189f537088b6296b94bab737582d2c5d3ef8ef6554eed6ae5a46110a2d,8fe8c76a91d44a492e212c1fd2afdfed2006048f61d6d1346c935e9a8664253f,1,0,"[""dynamic/hands_open_v1_Plot_and_Store_Rep_1.7.hpf"", ""dynamic/hands_up_v1_Plot_and_Store_Rep_1.8.hpf"", ""dynamic/rest_v1_Plot_and_Store_Rep_1.5.hpf""]","[""dynamic/hands_open_v1_Plot_and_Store_Rep_1.7.hpf"", ""dynamic/hands_up_v1_Plot_and_Store_Rep_1.8.hpf"", ""dynamic/rest_v1_Plot_and_Store_Rep_1.5.hpf""]","{""dynamic/hands_up_v1_Plot_and_Store_Rep_1.8.hpf"": [354, 384], ""dynamic/hands_open_v1_Plot_and_Store_Rep_1.7.hpf"": [308, 309], ""dynamic/rest_v1_Plot_and_Store_Rep_1.5.hpf"": [526, 528]}","[46, 47, 48]",0,0.18,0.18000000000000002,0.1543473339461516,0.06,0.027,2.0,ros_time,1,1,0,0,1,8.692,8.94,0.248,18.108958852,0.4936782988499995,0.23009664058904739,1,1,36,0.9722222222222222,4.667745777777778,7.639369,30.054054054054053,52.0,0.1451590393236087,1,0.02622689372855291,-0.015774218644519944,0.02095289910259884,0.13844449108608364,-0.15666741672830706,0.27377306477204394,-0.1447885664142896,0.2975060988908566,-0.11661364861617046,0.4492600889647722,-0.14055130865763324,0.4385438215927735,-0.14055130865764567,0.43854382158566374,-0.14055130865763324,0.4385438215927735,2026-07-27T20:14:25
8,1,short_multidirectional_EMG_robot_v4_adaptive_control,heldout_replay_autopilot,1,1,dynamic,1,2,2,FORMAL_A080_W060,1,7,0,3,600772057b82e9959c9aeb7b3b7837360aa53515630d0b85f76eac28e15c0b72,a74323189f537088b6296b94bab737582d2c5d3ef8ef6554eed6ae5a46110a2d,8fe8c76a91d44a492e212c1fd2afdfed2006048f61d6d1346c935e9a8664253f,1,0,"[""dynamic/hands_down_v1_Plot_and_Store_Rep_1.9.hpf"", ""dynamic/hands_open_v1_Plot_and_Store_Rep_1.7.hpf"", ""dynamic/rest_v1_Plot_and_Store_Rep_1.5.hpf""]","[""dynamic/hands_down_v1_Plot_and_Store_Rep_1.9.hpf"", ""dynamic/hands_open_v1_Plot_and_Store_Rep_1.7.hpf"", ""dynamic/rest_v1_Plot_and_Store_Rep_1.5.hpf""]","{""dynamic/hands_down_v1_Plot_and_Store_Rep_1.9.hpf"": [112, 223], ""dynamic/hands_open_v1_Plot_and_Store_Rep_1.7.hpf"": [231, 247], ""dynamic/rest_v1_Plot_and_Store_Rep_1.5.hpf"": [497, 498]}","[49, 50, 51, 52, 53]",1,0.08,0.08,0.07917383856758005,0.06,0.027,1.222392421336448,ros_time,1,1,0,0,1,9.72,9.976,0.256,19.920163147,0.5007991112513753,0.1257605371745317,9,9,40,0.775,5.410158675,7.771175,27.9,52.0,0.14245227415610684,3,0.02614638897272699,-0.025718105079439602,-0.004713038026161297,0.04916093715540289,-0.11661364861617046,0.4492600889647722,-0.14055130865774187,0.4385438215322851,-0.09881197389966531,0.3712658559902263,-0.10912966298440782,0.3952904048572441,-0.10912966298524718,0.3952904048475402,-0.10912966298440782,0.3952904048572441,2026-07-27T20:14:46
9,1,short_multidirectional_EMG_robot_v4_adaptive_control,heldout_replay_autopilot,1,1,dynamic,1,2,2,FORMAL_A080_W060,2,7,3,6,600772057b82e9959c9aeb7b3b7837360aa53515630d0b85f76eac28e15c0b72,a74323189f537088b6296b94bab737582d2c5d3ef8ef6554eed6ae5a46110a2d,8fe8c76a91d44a492e212c1fd2afdfed2006048f61d6d1346c935e9a8664253f,1,0,"[""dynamic/hands_close_v1_Plot_and_Store_Rep_1.6.hpf"", ""dynamic/hands_up_v1_Plot_and_Store_Rep_1.8.hpf"", ""dynamic/rest_v1_Plot_and_Store_Rep_1.5.hpf""]","[""dynamic/hands_close_v1_Plot_and_Store_Rep_1.6.hpf"", ""dynamic/hands_up_v1_Plot_and_Store_Rep_1.8.hpf"", ""dynamic/rest_v1_Plot_and_Store_Rep_1.5.hpf""]","{""dynamic/hands_close_v1_Plot_and_Store_Rep_1.6.hpf"": [100, 107], ""dynamic/hands_up_v1_Plot_and_Store_Rep_1.8.hpf"": [411, 415], ""dynamic/rest_v1_Plot_and_Store_Rep_1.5.hpf"": [535, 536]}","[54, 55, 56]",0,0.08,0.07999999999999999,0.055218240153254834,0.06,0.027,1.222392421336448,ros_time,1,1,0,0,1,3.468,3.716,0.248,7.269097938,0.5112051084872865,0.35247763014315114,0,0,15,1.0,5.155535333333333,10.673783,34.666666666666664,64.0,0.042956140994424075,1,0.02633617591712331,-0.025568692343693758,0.006311587262424739,0.029215185097791023,-0.09881197389966531,0.3712658559902263,-0.109129662986891,0.3952904048285355,-0.148691158048364,0.4338123745876687,-0.13768393675131532,0.40988675565616634,-0.1376839367513701,0.4098867556283321,-0.13768393675131532,0.40988675565616634,2026-07-27T20:14:54
10,1,short_multidirectional_EMG_robot_v4_adaptive_control,heldout_replay_autopilot,1,1,dynamic,1,2,2,FORMAL_A080_W060,3,7,6,2,600772057b82e9959c9aeb7b3b7837360aa53515630d0b85f76eac28e15c0b72,a74323189f537088b6296b94bab737582d2c5d3ef8ef6554eed6ae5a46110a2d,8fe8c76a91d44a492e212c1fd2afdfed2006048f61d6d1346c935e9a8664253f,1,0,"[""dynamic/hands_open_v1_Plot_and_Store_Rep_1.7.hpf"", ""dynamic/rest_v1_Plot_and_Store_Rep_1.5.hpf""]","[""dynamic/hands_open_v1_Plot_and_Store_Rep_1.7.hpf"", ""dynamic/rest_v1_Plot_and_Store_Rep_1.5.hpf""]","{""dynamic/hands_open_v1_Plot_and_Store_Rep_1.7.hpf"": [309, 319], ""dynamic/rest_v1_Plot_and_Store_Rep_1.5.hpf"": [469, 470]}","[57, 58]",0,0.08,0.07999999999999999,0.06201530493999784,0.06,0.027,1.222392421336448,ros_time,1,1,0,0,1,2.984,3.236,0.252,6.488747822,0.4987094719613532,0.40964893476422526,0,0,13,1.0,5.345683692307692,9.346402999999999,29.846153846153847,64.0,0.03749126738353032,0,0.025921844669858356,-0.025916466516930643,-0.0005280098153226144,0.03378543274953396,-0.148691158048364,0.4338123745876687,-0.13768393675150123,0.40988675560950066,-0.07661364861617045,0.3991016754582641,-0.10019267298692336,0.40987068844979235,-0.10019267296227796,0.409870688440427,-0.10019267298692336,0.40987068844979235,2026-07-27T20:15:00
11,1,short_multidirectional_EMG_robot_v4_adaptive_control,heldout_replay_autopilot,1,1,dynamic,1,2,2,FORMAL_A080_W060,4,7,2,5,600772057b82e9959c9aeb7b3b7837360aa53515630d0b85f76eac28e15c0b72,a74323189f537088b6296b94bab737582d2c5d3ef8ef6554eed6ae5a46110a2d,8fe8c76a91d44a492e212c1fd2afdfed2006048f61d6d1346c935e9a8664253f,1,0,"[""dynamic/hands_close_v1_Plot_and_Store_Rep_1.6.hpf"", ""dynamic/rest_v1_Plot_and_Store_Rep_1.5.hpf""]","[""dynamic/hands_close_v1_Plot_and_Store_Rep_1.6.hpf"", ""dynamic/rest_v1_Plot_and_Store_Rep_1.5.hpf""]","{""dynamic/hands_close_v1_Plot_and_Store_Rep_1.6.hpf"": [40, 49], ""dynamic/rest_v1_Plot_and_Store_Rep_1.5.hpf"": [500, 501]}","[59, 60]",0,0.08,0.08000000000000002,0.057439517178573034,0.06,0.027,1.222392421336448,ros_time,1,1,0,0,1,2.728,2.968,0.24,5.831978138,0.508918231476402,0.44809106353975364,0,0,12,1.0,5.02379725,8.082677,28.666666666666668,56.0,0.03351964690926573,0,0.025303378237867227,-0.02290378048291597,-0.010755360981341833,0.0335171951689088,-0.07661364861617045,0.3991016754582641,-0.1001926729643457,0.4098706884215668,-0.15661364861617047,0.3991016754582641,-0.1337098681332545,0.4098570364396059,-0.1337098681831828,0.4098570364299733,-0.1337098681332545,0.4098570364396059,2026-07-27T20:15:07
12,1,short_multidirectional_EMG_robot_v4_adaptive_control,heldout_replay_autopilot,1,1,dynamic,1,2,2,FORMAL_A080_W060,5,7,5,1,600772057b82e9959c9aeb7b3b7837360aa53515630d0b85f76eac28e15c0b72,a74323189f537088b6296b94bab737582d2c5d3ef8ef6554eed6ae5a46110a2d,8fe8c76a91d44a492e212c1fd2afdfed2006048f61d6d1346c935e9a8664253f,1,0,"[""dynamic/hands_open_v1_Plot_and_Store_Rep_1.7.hpf"", ""dynamic/rest_v1_Plot_and_Store_Rep_1.5.hpf""]","[""dynamic/hands_open_v1_Plot_and_Store_Rep_1.7.hpf"", ""dynamic/rest_v1_Plot_and_Store_Rep_1.5.hpf""]","{""dynamic/hands_open_v1_Plot_and_Store_Rep_1.7.hpf"": [279, 290], ""dynamic/rest_v1_Plot_and_Store_Rep_1.5.hpf"": [452, 454]}","[61, 62]",0,0.08,0.07999999999999999,0.054698389838027064,0.06,0.027,1.222392421336448,ros_time,1,1,0,0,1,3.472,3.72,0.248,7.67118842,0.4849313817271614,0.3520715499240922,5,5,15,0.6666666666666667,6.2635642,13.093463,24.0,40.0,0.04151981874274579,1,0.026145092991685458,-0.02554136926595523,0.0055860848153243825,0.029156461381165132,-0.15661364861617047,0.3991016754582641,-0.13370986818351685,0.40985703641112464,-0.08453613918397693,0.4338123745876687,-0.10997182910290301,0.4277632783004435,-0.1099718291036591,0.42776327829110283,-0.10997182910290301,0.4277632783004435,2026-07-27T20:15:15
13,1,short_multidirectional_EMG_robot_v4_adaptive_control,heldout_replay_autopilot,1,1,dynamic,1,2,2,FORMAL_A080_W060,6,7,1,4,600772057b82e9959c9aeb7b3b7837360aa53515630d0b85f76eac28e15c0b72,a74323189f537088b6296b94bab737582d2c5d3ef8ef6554eed6ae5a46110a2d,8fe8c76a91d44a492e212c1fd2afdfed2006048f61d6d1346c935e9a8664253f,1,0,"[""dynamic/hands_close_v1_Plot_and_Store_Rep_1.6.hpf"", ""dynamic/hands_down_v1_Plot_and_Store_Rep_1.9.hpf"", ""dynamic/rest_v1_Plot_and_Store_Rep_1.5.hpf""]","[""dynamic/hands_close_v1_Plot_and_Store_Rep_1.6.hpf"", ""dynamic/hands_down_v1_Plot_and_Store_Rep_1.9.hpf"", ""dynamic/rest_v1_Plot_and_Store_Rep_1.5.hpf""]","{""dynamic/hands_down_v1_Plot_and_Store_Rep_1.9.hpf"": [173, 185], ""dynamic/hands_close_v1_Plot_and_Store_Rep_1.6.hpf"": [17, 17], ""dynamic/rest_v1_Plot_and_Store_Rep_1.5.hpf"": [531, 532]}","[63, 64, 65]",0,0.08,0.07999999999999999,0.06155845299222714,0.06,0.027,1.222392421336448,ros_time,1,1,0,0,1,3.74,3.992,0.252,8.391623341,0.4757124858662075,0.3268428934054674,0,0,16,1.0,4.59070325,6.14484,27.5,56.0,0.046415981677546125,1,0.025953144618083714,-0.023146214713760365,0.011739610725729823,0.03626551807891171,-0.08453613918397693,0.4338123745876687,-0.10997182910502407,0.4277632782742474,-0.1344153233326756,0.3712658559902263,-0.11080549724971853,0.38204276778812496,-0.11080549725053904,0.38204276777826407,-0.11080549724971853,0.38204276778812496,2026-07-27T20:15:25
14,1,short_multidirectional_EMG_robot_v4_adaptive_control,heldout_replay_autopilot,1,1,dynamic,1,2,2,FORMAL_A080_W060,7,7,4,0,600772057b82e9959c9aeb7b3b7837360aa53515630d0b85f76eac28e15c0b72,a74323189f537088b6296b94bab737582d2c5d3ef8ef6554eed6ae5a46110a2d,8fe8c76a91d44a492e212c1fd2afdfed2006048f61d6d1346c935e9a8664253f,1,0,"[""dynamic/hands_up_v1_Plot_and_Store_Rep_1.8.hpf"", ""dynamic/rest_v1_Plot_and_Store_Rep_1.5.hpf""]","[""dynamic/hands_up_v1_Plot_and_Store_Rep_1.8.hpf"", ""dynamic/rest_v1_Plot_and_Store_Rep_1.5.hpf""]","{""dynamic/hands_up_v1_Plot_and_Store_Rep_1.8.hpf"": [412, 423], ""dynamic/rest_v1_Plot_and_Store_Rep_1.5.hpf"": [551, 552]}","[66, 67]",0,0.08,0.08,0.06746779151653513,0.06,0.027,1.222392421336448,ros_time,1,1,0,0,1,3.236,3.484,0.248,7.114683906,0.4896914671165997,0.37774796703845737,0,0,14,1.0,5.248341285714287,8.267945000000001,26.0,40.0,0.04185614867826104,0,0.026017382190327478,-0.023433254598445464,-0.01130428038231553,0.040806352759366955,-0.1344153233326756,0.3712658559902263,-0.11080549725199929,0.38204276776071405,-0.11661364861617046,0.4492600889647722,-0.11080717984320382,0.42389891595510776,-0.11080717984382343,0.4238989159472687,-0.11080717984320382,0.42389891595510776,2026-07-27T20:15:31
15,1,short_multidirectional_EMG_robot_v4_adaptive_control,heldout_replay_autopilot,1,1,dynamic,1,3,3,FORMAL_A180_W025,1,7,0,3,600772057b82e9959c9aeb7b3b7837360aa53515630d0b85f76eac28e15c0b72,a74323189f537088b6296b94bab737582d2c5d3ef8ef6554eed6ae5a46110a2d,8fe8c76a91d44a492e212c1fd2afdfed2006048f61d6d1346c935e9a8664253f,1,0,"[""dynamic/hands_down_v1_Plot_and_Store_Rep_1.9.hpf"", ""dynamic/hands_open_v1_Plot_and_Store_Rep_1.7.hpf"", ""dynamic/rest_v1_Plot_and_Store_Rep_1.5.hpf""]","[""dynamic/hands_down_v1_Plot_and_Store_Rep_1.9.hpf"", ""dynamic/hands_open_v1_Plot_and_Store_Rep_1.7.hpf"", ""dynamic/rest_v1_Plot_and_Store_Rep_1.5.hpf""]","{""dynamic/hands_down_v1_Plot_and_Store_Rep_1.9.hpf"": [112, 223], ""dynamic/hands_open_v1_Plot_and_Store_Rep_1.7.hpf"": [270, 279], ""dynamic/rest_v1_Plot_and_Store_Rep_1.5.hpf"": [484, 485]}","[70, 71, 72, 73]",1,0.18,0.18000000000000002,0.16963950664816138,0.025,0.0115,3.035623909730721,ros_time,1,1,0,0,1,11.472,11.724,0.252,22.409208052,0.5231777924857833,0.26461156814249664,1,1,47,0.9787234042553191,5.064396489361702,9.365116,21.95744680851064,52.0,0.19084382414798265,2,0.010820915647822312,-0.008560303297136326,-0.006619170863357639,0.161041382525826,-0.11661364861617046,0.4492600889647722,-0.11080766081625484,0.43991954159149815,-0.07655988050403387,0.27377306477204394,-0.08491794161884998,0.28064583931063347,-0.08491794162085392,0.2806458393009375,-0.08491794161884998,0.28064583931063347,2026-07-27T20:15:59
16,1,short_multidirectional_EMG_robot_v4_adaptive_control,heldout_replay_autopilot,1,1,dynamic,1,3,3,FORMAL_A180_W025,2,7,3,6,600772057b82e9959c9aeb7b3b7837360aa53515630d0b85f76eac28e15c0b72,a74323189f537088b6296b94bab737582d2c5d3ef8ef6554eed6ae5a46110a2d,8fe8c76a91d44a492e212c1fd2afdfed2006048f61d6d1346c935e9a8664253f,1,0,"[""dynamic/hands_close_v1_Plot_and_Store_Rep_1.6.hpf"", ""dynamic/hands_up_v1_Plot_and_Store_Rep_1.8.hpf"", ""dynamic/rest_v1_Plot_and_Store_Rep_1.5.hpf""]","[""dynamic/hands_close_v1_Plot_and_Store_Rep_1.6.hpf"", ""dynamic/hands_up_v1_Plot_and_Store_Rep_1.8.hpf"", ""dynamic/rest_v1_Plot_and_Store_Rep_1.5.hpf""]","{""dynamic/hands_up_v1_Plot_and_Store_Rep_1.8.hpf"": [336, 447], ""dynamic/hands_close_v1_Plot_and_Store_Rep_1.6.hpf"": [41, 67], ""dynamic/rest_v1_Plot_and_Store_Rep_1.5.hpf"": [456, 457]}","[74, 75, 76, 77]",1,0.18,0.18,0.16943041629790695,0.025,0.0115,3.035623909730721,ros_time,1,1,0,0,1,13.736,13.988,0.252,26.775412723,0.5224195848896981,0.22099766378354113,3,3,56,0.9464285714285714,4.9260825892857145,9.493772,24.928571428571427,52.0,0.26149735755020276,4,0.010773468729036235,-0.008028762617188268,-0.007183773332473809,0.16138672002645588,-0.07655988050403387,0.27377306477204394,-0.08491794162461554,0.2806458392827339,-0.1887880448386059,0.4145027316162893,-0.17816569307100208,0.41270460164857126,-0.17816569307006544,0.4127046016392173,-0.17816569307100208,0.41270460164857126,2026-07-27T20:16:25
17,1,short_multidirectional_EMG_robot_v4_adaptive_control,heldout_replay_autopilot,1,1,dynamic,1,3,3,FORMAL_A180_W025,3,7,6,2,600772057b82e9959c9aeb7b3b7837360aa53515630d0b85f76eac28e15c0b72,a74323189f537088b6296b94bab737582d2c5d3ef8ef6554eed6ae5a46110a2d,8fe8c76a91d44a492e212c1fd2afdfed2006048f61d6d1346c935e9a8664253f,1,0,"[""dynamic/hands_down_v1_Plot_and_Store_Rep_1.9.hpf"", ""dynamic/hands_open_v1_Plot_and_Store_Rep_1.7.hpf"", ""dynamic/rest_v1_Plot_and_Store_Rep_1.5.hpf""]","[""dynamic/hands_down_v1_Plot_and_Store_Rep_1.9.hpf"", ""dynamic/hands_open_v1_Plot_and_Store_Rep_1.7.hpf"", ""dynamic/rest_v1_Plot_and_Store_Rep_1.5.hpf""]","{""dynamic/hands_open_v1_Plot_and_Store_Rep_1.7.hpf"": [276, 311], ""dynamic/hands_down_v1_Plot_and_Store_Rep_1.9.hpf"": [201, 217], ""dynamic/rest_v1_Plot_and_Store_Rep_1.5.hpf"": [469, 470]}","[78, 79, 80]",0,0.18,0.18,0.16967573806306027,0.025,0.0115,3.035623909730721,ros_time,1,1,0,0,1,13.492,13.736,0.244,28.221454612,0.4867218996627955,0.2249943603417374,7,7,55,0.8727272727272728,5.688150054545455,11.176739,26.4,48.0,0.24925348685555018,3,0.010821307215966922,-0.007320369681776517,0.007969496695806136,0.16232904270330525,-0.1887880448386059,0.4145027316162893,-0.1781656930682163,0.41270460162073846,-0.026613648616170466,0.3364036585751288,-0.029751238775726455,0.34676011636015336,-0.02975123878011106,0.3467601122762893,-0.029751238775726455,0.34676011636015336,2026-07-27T20:16:54
18,1,short_multidirectional_EMG_robot_v4_adaptive_control,heldout_replay_autopilot,1,1,dynamic,1,3,3,FORMAL_A180_W025,4,7,2,5,600772057b82e9959c9aeb7b3b7837360aa53515630d0b85f76eac28e15c0b72,a74323189f537088b6296b94bab737582d2c5d3ef8ef6554eed6ae5a46110a2d,8fe8c76a91d44a492e212c1fd2afdfed2006048f61d6d1346c935e9a8664253f,1,0,"[""dynamic/hands_close_v1_Plot_and_Store_Rep_1.6.hpf"", ""dynamic/rest_v1_Plot_and_Store_Rep_1.5.hpf""]","[""dynamic/hands_close_v1_Plot_and_Store_Rep_1.6.hpf"", ""dynamic/rest_v1_Plot_and_Store_Rep_1.5.hpf""]","{""dynamic/hands_close_v1_Plot_and_Store_Rep_1.6.hpf"": [51, 89], ""dynamic/rest_v1_Plot_and_Store_Rep_1.5.hpf"": [524, 530]}","[81, 83]",0,0.18,0.18,0.17716536948138326,0.025,0.0115,3.035623909730721,ros_time,1,1,0,0,1,11.22,11.468,0.248,20.776912138,0.5519588244792913,0.2705547156622746,5,5,46,0.8913043478260869,4.374233782608695,7.2878739999999995,25.53191489361702,64.0,0.1728562467752997,1,0.011005063818261916,-0.004019179724015526,-0.010244882819733958,0.17284323010520442,-0.026613648616170466,0.3364036585751288,-0.029751238786950532,0.3467601122575485,-0.20661364861617046,0.3364036585751288,-0.20259446889215493,0.3466485413948628,-0.2025944688902775,0.346648541385288,-0.20259446889215493,0.3466485413948628,2026-07-27T20:17:14
19,1,short_multidirectional_EMG_robot_v4_adaptive_control,heldout_replay_autopilot,1,1,dynamic,1,3,3,FORMAL_A180_W025,5,7,5,1,600772057b82e9959c9aeb7b3b7837360aa53515630d0b85f76eac28e15c0b72,a74323189f537088b6296b94bab737582d2c5d3ef8ef6554eed6ae5a46110a2d,8fe8c76a91d44a492e212c1fd2afdfed2006048f61d6d1346c935e9a8664253f,1,0,"[""dynamic/hands_open_v1_Plot_and_Store_Rep_1.7.hpf"", ""dynamic/hands_up_v1_Plot_and_Store_Rep_1.8.hpf"", ""dynamic/rest_v1_Plot_and_Store_Rep_1.5.hpf""]","[""dynamic/hands_open_v1_Plot_and_Store_Rep_1.7.hpf"", ""dynamic/hands_up_v1_Plot_and_Store_Rep_1.8.hpf"", ""dynamic/rest_v1_Plot_and_Store_Rep_1.5.hpf""]","{""dynamic/hands_open_v1_Plot_and_Store_Rep_1.7.hpf"": [277, 313], ""dynamic/hands_up_v1_Plot_and_Store_Rep_1.8.hpf"": [372, 385], ""dynamic/rest_v1_Plot_and_Store_Rep_1.5.hpf"": [473, 474]}","[84, 85, 86]",0,0.18,0.18000000000000002,0.17209666945761756,0.025,0.0115,3.035623909730721,ros_time,1,1,0,0,1,12.968,13.224,0.256,23.60219623,0.5602868424249179,0.2340857425763974,6,6,53,0.8867924528301887,4.587885056603773,8.287119,26.037735849056602,56.0,0.23949340777321027,3,0.010654011018611824,-0.005802247344096682,-0.008935428167839814,0.16613150879287275,-0.20661364861617046,0.3364036585751288,-0.20259446888646776,0.346648541365861,-0.044439252393735015,0.4145027316162893,-0.04578995963055693,0.4039346882427457,-0.045789959633109195,0.40393468823323725,-0.04578995963055693,0.4039346882427457,2026-07-27T20:17:36
20,1,short_multidirectional_EMG_robot_v4_adaptive_control,heldout_replay_autopilot,1,1,dynamic,1,3,3,FORMAL_A180_W025,6,7,1,4,600772057b82e9959c9aeb7b3b7837360aa53515630d0b85f76eac28e15c0b72,a74323189f537088b6296b94bab737582d2c5d3ef8ef6554eed6ae5a46110a2d,8fe8c76a91d44a492e212c1fd2afdfed2006048f61d6d1346c935e9a8664253f,1,0,"[""dynamic/hands_close_v1_Plot_and_Store_Rep_1.6.hpf"", ""dynamic/hands_down_v1_Plot_and_Store_Rep_1.9.hpf"", ""dynamic/rest_v1_Plot_and_Store_Rep_1.5.hpf""]","[""dynamic/hands_close_v1_Plot_and_Store_Rep_1.6.hpf"", ""dynamic/hands_down_v1_Plot_and_Store_Rep_1.9.hpf"", ""dynamic/rest_v1_Plot_and_Store_Rep_1.5.hpf""]","{""dynamic/hands_down_v1_Plot_and_Store_Rep_1.9.hpf"": [175, 197], ""dynamic/hands_close_v1_Plot_and_Store_Rep_1.6.hpf"": [75, 100], ""dynamic/rest_v1_Plot_and_Store_Rep_1.5.hpf"": [553, 554]}","[87, 88, 89]",0,0.18,0.18000000000000002,0.1709849663232632,0.025,0.0115,3.035623909730721,ros_time,1,1,0,0,1,12.488,12.744,0.256,25.427989423,0.5011800102635272,0.24308327272026917,0,0,51,1.0,5.313737666666667,11.340444,25.725490196078432,48.0,0.22832058375237022,1,0.010838493183532643,-0.008145786178712075,0.007149762375085408,0.16274963259130715,-0.044439252393735015,0.4145027316162893,-0.045789959637626804,0.40393468821640566,-0.15666741672830706,0.27377306477204394,-0.1459986928007511,0.27568389292943496,-0.1459986928003845,0.2756838929192518,-0.1459986928007511,0.27568389292943496,2026-07-27T20:18:00
21,1,short_multidirectional_EMG_robot_v4_adaptive_control,heldout_replay_autopilot,1,1,dynamic,1,3,3,FORMAL_A180_W025,7,7,4,0,600772057b82e9959c9aeb7b3b7837360aa53515630d0b85f76eac28e15c0b72,a74323189f537088b6296b94bab737582d2c5d3ef8ef6554eed6ae5a46110a2d,8fe8c76a91d44a492e212c1fd2afdfed2006048f61d6d1346c935e9a8664253f,1,0,"[""dynamic/hands_open_v1_Plot_and_Store_Rep_1.7.hpf"", ""dynamic/hands_up_v1_Plot_and_Store_Rep_1.8.hpf"", ""dynamic/rest_v1_Plot_and_Store_Rep_1.5.hpf""]","[""dynamic/hands_open_v1_Plot_and_Store_Rep_1.7.hpf"", ""dynamic/hands_up_v1_Plot_and_Store_Rep_1.8.hpf"", ""dynamic/rest_v1_Plot_and_Store_Rep_1.5.hpf""]","{""dynamic/hands_up_v1_Plot_and_Store_Rep_1.8.hpf"": [384, 420], ""dynamic/hands_open_v1_Plot_and_Store_Rep_1.7.hpf"": [241, 247], ""dynamic/rest_v1_Plot_and_Store_Rep_1.5.hpf"": [541, 551]}","[90, 91, 92]",0,0.18,0.18000000000000002,0.17604595042684382,0.025,0.0115,3.035623909730721,ros_time,1,1,0,0,1,13.468,13.72,0.252,26.793483402,0.5120648104671552,0.22539530069280675,9,10,55,0.8363636363636364,5.168882927272728,10.63699,26.4,44.0,0.18975810325492504,1,0.010688978232622433,-0.004871940887687217,0.009514118332476094,0.17089112502144765,-0.15666741672830706,0.27377306477204394,-0.14599869279972227,0.27568389290084916,-0.11661364861617046,0.4492600889647722,-0.1269733369748103,0.4466273883039795,-0.12697333697507168,0.44662738829681714,-0.1269733369748103,0.4466273883039795,2026-07-27T20:18:26
22,1,short_multidirectional_EMG_robot_v4_adaptive_control,heldout_replay_autopilot,1,1,dynamic,1,4,4,FORMAL_A280_W025,1,7,0,3,600772057b82e9959c9aeb7b3b7837360aa53515630d0b85f76eac28e15c0b72,a74323189f537088b6296b94bab737582d2c5d3ef8ef6554eed6ae5a46110a2d,8fe8c76a91d44a492e212c1fd2afdfed2006048f61d6d1346c935e9a8664253f,1,0,"[""dynamic/hands_down_v1_Plot_and_Store_Rep_1.9.hpf"", ""dynamic/hands_open_v1_Plot_and_Store_Rep_1.7.hpf"", ""dynamic/hands_up_v1_Plot_and_Store_Rep_1.8.hpf"", ""dynamic/rest_v1_Plot_and_Store_Rep_1.5.hpf""]","[""dynamic/hands_down_v1_Plot_and_Store_Rep_1.9.hpf"", ""dynamic/hands_open_v1_Plot_and_Store_Rep_1.7.hpf"", ""dynamic/hands_up_v1_Plot_and_Store_Rep_1.8.hpf"", ""dynamic/rest_v1_Plot_and_Store_Rep_1.5.hpf""]","{""dynamic/hands_down_v1_Plot_and_Store_Rep_1.9.hpf"": [112, 223], ""dynamic/hands_open_v1_Plot_and_Store_Rep_1.7.hpf"": [302, 325], ""dynamic/hands_up_v1_Plot_and_Store_Rep_1.8.hpf"": [346, 348], ""dynamic/rest_v1_Plot_and_Store_Rep_1.5.hpf"": [482, 483]}","[93, 94, 95, 96, 97]",1,0.28,0.27999999999999997,0.2799425736812326,0.025,0.0115,3.608809242675524,ros_time,1,1,0,0,1,18.992,19.24,0.248,37.358828648,0.5150054403814935,0.19001733586117964,5,5,77,0.935064935064935,4.908593337662338,8.844331,25.435897435897434,48.0,0.36863430375246514,2,0.010636788635992617,0.009488017557915333,-0.004808200838928429,0.28922657167087407,-0.11661364861617045,0.4492600889647722,-0.1269733369769799,0.4466273882445304,-0.054307787108402415,0.1762802735538616,-0.05688415378526857,0.16596021506405084,-0.056884308285916646,0.16609782029370046,-0.05688415378526857,0.16596021506405084,2026-07-27T20:19:04
23,1,short_multidirectional_EMG_robot_v4_adaptive_control,heldout_replay_autopilot,1,1,dynamic,1,4,4,FORMAL_A280_W025,2,7,3,6,600772057b82e9959c9aeb7b3b7837360aa53515630d0b85f76eac28e15c0b72,a74323189f537088b6296b94bab737582d2c5d3ef8ef6554eed6ae5a46110a2d,8fe8c76a91d44a492e212c1fd2afdfed2006048f61d6d1346c935e9a8664253f,1,0,"[""dynamic/hands_close_v1_Plot_and_Store_Rep_1.6.hpf"", ""dynamic/hands_down_v1_Plot_and_Store_Rep_1.9.hpf"", ""dynamic/hands_up_v1_Plot_and_Store_Rep_1.8.hpf"", ""dynamic/rest_v1_Plot_and_Store_Rep_1.5.hpf""]","[""dynamic/hands_close_v1_Plot_and_Store_Rep_1.6.hpf"", ""dynamic/hands_down_v1_Plot_and_Store_Rep_1.9.hpf"", ""dynamic/hands_up_v1_Plot_and_Store_Rep_1.8.hpf"", ""dynamic/rest_v1_Plot_and_Store_Rep_1.5.hpf""]","{""dynamic/hands_up_v1_Plot_and_Store_Rep_1.8.hpf"": [336, 447], ""dynamic/hands_close_v1_Plot_and_Store_Rep_1.6.hpf"": [0, 111], ""dynamic/hands_down_v1_Plot_and_Store_Rep_1.9.hpf"": [160, 161], ""dynamic/rest_v1_Plot_and_Store_Rep_1.5.hpf"": [538, 539]}","[98, 99, 100, 101, 102, 103]",1,0.28,0.27999999999999997,0.2864766245536179,0.025,0.0115,3.608809242675524,ros_time,1,1,0,0,1,21.72,21.968,0.248,41.772250685,0.5258993623699689,0.16615143842889155,6,7,88,0.9318181818181819,4.809245431818182,7.482256,27.0561797752809,52.0,0.4534199823960942,7,0.01020108016168846,0.007106468811433453,-0.007318479179263783,0.29346099666760883,-0.054307787108402415,0.1762802735538616,-0.056884308296130406,0.16609782027650558,-0.22888493162884782,0.39519308864490993,-0.22759392503386852,0.4053121468242522,-0.22759392503185252,0.40531214682009187,-0.22759392503386852,0.4053121468242522,2026-07-27T20:19:44
24,1,short_multidirectional_EMG_robot_v4_adaptive_control,heldout_replay_autopilot,1,1,dynamic,1,4,4,FORMAL_A280_W025,3,7,6,2,600772057b82e9959c9aeb7b3b7837360aa53515630d0b85f76eac28e15c0b72,a74323189f537088b6296b94bab737582d2c5d3ef8ef6554eed6ae5a46110a2d,8fe8c76a91d44a492e212c1fd2afdfed2006048f61d6d1346c935e9a8664253f,1,0,"[""dynamic/hands_down_v1_Plot_and_Store_Rep_1.9.hpf"", ""dynamic/hands_open_v1_Plot_and_Store_Rep_1.7.hpf"", ""dynamic/rest_v1_Plot_and_Store_Rep_1.5.hpf""]","[""dynamic/hands_down_v1_Plot_and_Store_Rep_1.9.hpf"", ""dynamic/hands_open_v1_Plot_and_Store_Rep_1.7.hpf"", ""dynamic/rest_v1_Plot_and_Store_Rep_1.5.hpf""]","{""dynamic/hands_open_v1_Plot_and_Store_Rep_1.7.hpf"": [224, 335], ""dynamic/hands_down_v1_Plot_and_Store_Rep_1.9.hpf"": [155, 205], ""dynamic/rest_v1_Plot_and_Store_Rep_1.5.hpf"": [548, 550]}","[104, 105, 106, 107]",1,0.28,0.28,0.2833926098807333,0.025,0.0115,3.608809242675524,ros_time,1,1,0,0,1,30.968,31.22,0.252,51.617708863,0.6048311846397885,0.11653349401561366,28,28,125,0.776,3.830279488,5.745471,25.152,48.0,0.6940013094234945,11,0.010363993342324235,-0.0059915387727114185,0.008456584483988604,0.27723579926117103,-0.22888493162884782,0.39519308864490993,-0.22759392502774647,0.4053121468024265,0.02338635138382955,0.2737056416919937,0.021657335974862794,0.2839243922866259,0.02165733596886301,0.28392439227809185,0.021657335974862794,0.2839243922866259,2026-07-27T20:20:32
25,1,short_multidirectional_EMG_robot_v4_adaptive_control,heldout_replay_autopilot,1,1,dynamic,1,4,4,FORMAL_A280_W025,4,7,2,5,600772057b82e9959c9aeb7b3b7837360aa53515630d0b85f76eac28e15c0b72,a74323189f537088b6296b94bab737582d2c5d3ef8ef6554eed6ae5a46110a2d,8fe8c76a91d44a492e212c1fd2afdfed2006048f61d6d1346c935e9a8664253f,1,0,"[""dynamic/hands_close_v1_Plot_and_Store_Rep_1.6.hpf"", ""dynamic/rest_v1_Plot_and_Store_Rep_1.5.hpf""]","[""dynamic/hands_close_v1_Plot_and_Store_Rep_1.6.hpf"", ""dynamic/rest_v1_Plot_and_Store_Rep_1.5.hpf""]","{""dynamic/hands_close_v1_Plot_and_Store_Rep_1.6.hpf"": [32, 86], ""dynamic/rest_v1_Plot_and_Store_Rep_1.5.hpf"": [474, 475]}","[108, 109]",0,0.28,0.28,0.2784585493724762,0.025,0.0115,3.608809242675524,ros_time,1,1,0,0,1,13.988,14.236,0.248,24.018654936,0.5927059628415156,0.2579932258132345,0,0,57,1.0,3.875778157894737,5.544586,30.385964912280702,80.0,0.2738662243099226,0,0.01091382449573179,-0.00440732182504272,-0.009984341713610234,0.27386366274830887,0.02338635138382955,0.2737056416919937,0.021657335957181133,0.2839243922614755,-0.2566136486161705,0.2737056416919937,-0.25220632679112776,0.2836899834056039,-0.2522063267873523,0.2836899833963864,-0.25220632679112776,0.2836899834056039,2026-07-27T20:20:57
26,1,short_multidirectional_EMG_robot_v4_adaptive_control,heldout_replay_autopilot,1,1,dynamic,1,4,4,FORMAL_A280_W025,5,7,5,1,600772057b82e9959c9aeb7b3b7837360aa53515630d0b85f76eac28e15c0b72,a74323189f537088b6296b94bab737582d2c5d3ef8ef6554eed6ae5a46110a2d,8fe8c76a91d44a492e212c1fd2afdfed2006048f61d6d1346c935e9a8664253f,1,0,"[""dynamic/hands_open_v1_Plot_and_Store_Rep_1.7.hpf"", ""dynamic/hands_up_v1_Plot_and_Store_Rep_1.8.hpf"", ""dynamic/rest_v1_Plot_and_Store_Rep_1.5.hpf""]","[""dynamic/hands_open_v1_Plot_and_Store_Rep_1.7.hpf"", ""dynamic/hands_up_v1_Plot_and_Store_Rep_1.8.hpf"", ""dynamic/rest_v1_Plot_and_Store_Rep_1.5.hpf""]","{""dynamic/hands_open_v1_Plot_and_Store_Rep_1.7.hpf"": [224, 335], ""dynamic/hands_up_v1_Plot_and_Store_Rep_1.8.hpf"": [407, 415], ""dynamic/rest_v1_Plot_and_Store_Rep_1.5.hpf"": [463, 464]}","[110, 111, 112, 113]",1,0.28,0.28,0.2717894143158674,0.025,0.0115,3.608809242675524,ros_time,1,1,0,0,1,17.468,17.72,0.252,28.859293938,0.6140136358868946,0.20659544553901557,16,16,71,0.7746478873239436,3.816218605633803,5.389843,29.183098591549296,72.0,0.346939285480816,3,0.010247194115694242,-0.006495061979722189,-0.007925853715801597,0.26520203475147824,-0.2566136486161705,0.2737056416919937,-0.2522063267802701,0.283689983379095,-0.0043423656034931035,0.39519308864491,-0.00675531519640866,0.3852340394178619,-0.006755315199402709,0.38523403941032497,-0.00675531519640866,0.3852340394178619,2026-07-27T20:21:25
27,1,short_multidirectional_EMG_robot_v4_adaptive_control,heldout_replay_autopilot,1,1,dynamic,1,4,4,FORMAL_A280_W025,6,7,1,4,600772057b82e9959c9aeb7b3b7837360aa53515630d0b85f76eac28e15c0b72,a74323189f537088b6296b94bab737582d2c5d3ef8ef6554eed6ae5a46110a2d,8fe8c76a91d44a492e212c1fd2afdfed2006048f61d6d1346c935e9a8664253f,1,0,"[""dynamic/hands_close_v1_Plot_and_Store_Rep_1.6.hpf"", ""dynamic/hands_down_v1_Plot_and_Store_Rep_1.9.hpf"", ""dynamic/rest_v1_Plot_and_Store_Rep_1.5.hpf""]","[""dynamic/hands_close_v1_Plot_and_Store_Rep_1.6.hpf"", ""dynamic/hands_down_v1_Plot_and_Store_Rep_1.9.hpf"", ""dynamic/rest_v1_Plot_and_Store_Rep_1.5.hpf""]","{""dynamic/hands_down_v1_Plot_and_Store_Rep_1.9.hpf"": [112, 223], ""dynamic/hands_close_v1_Plot_and_Store_Rep_1.6.hpf"": [22, 57], ""dynamic/rest_v1_Plot_and_Store_Rep_1.5.hpf"": [538, 539]}","[114, 115, 116, 117]",1,0.28,0.28,0.2707437649686439,0.025,0.0115,3.608809242675524,ros_time,1,1,0,0,1,17.488,17.74,0.252,27.405482929,0.6473157231331925,0.20635917444393437,0,0,71,1.0,3.6513119436619723,6.010956,23.098591549295776,60.0,0.36658397601217557,1,0.011127320987107525,-0.009088103013291828,0.006420565081822594,0.2616211492752549,-0.0043423656034931035,0.39519308864491,-0.006755315206831517,0.3852340393920026,-0.17891951012393847,0.1762802735538616,-0.16823337066070557,0.17938248175487906,-0.16823337065928232,0.179382481747128,-0.16823337066070557,0.17938248175487906,2026-07-27T20:21:51
28,1,short_multidirectional_EMG_robot_v4_adaptive_control,heldout_replay_autopilot,1,1,dynamic,1,4,4,FORMAL_A280_W025,7,7,4,0,600772057b82e9959c9aeb7b3b7837360aa53515630d0b85f76eac28e15c0b72,a74323189f537088b6296b94bab737582d2c5d3ef8ef6554eed6ae5a46110a2d,8fe8c76a91d44a492e212c1fd2afdfed2006048f61d6d1346c935e9a8664253f,1,0,"[""dynamic/hands_open_v1_Plot_and_Store_Rep_1.7.hpf"", ""dynamic/hands_up_v1_Plot_and_Store_Rep_1.8.hpf"", ""dynamic/rest_v1_Plot_and_Store_Rep_1.5.hpf""]","[""dynamic/hands_open_v1_Plot_and_Store_Rep_1.7.hpf"", ""dynamic/hands_up_v1_Plot_and_Store_Rep_1.8.hpf"", ""dynamic/rest_v1_Plot_and_Store_Rep_1.5.hpf""]","{""dynamic/hands_up_v1_Plot_and_Store_Rep_1.8.hpf"": [336, 391], ""dynamic/hands_open_v1_Plot_and_Store_Rep_1.7.hpf"": [313, 321], ""dynamic/rest_v1_Plot_and_Store_Rep_1.5.hpf"": [536, 537]}","[118, 119, 120]",0,0.28,0.27999999999999997,0.2747699375689269,0.025,0.0115,3.608809242675524,ros_time,1,1,0,0,1,16.464,16.724,0.26,27.335616643,0.6118025511702739,0.2191939530293686,3,4,67,0.9552238805970149,3.8051933582089554,5.358324,28.119402985074625,56.0,0.3217183936567399,3,0.010491350073579896,-0.0039841469149041785,0.00970541084791697,0.270613534012497,-0.17891951012393847,0.1762802735538616,-0.1682333706556495,0.17938248172734514,-0.11661364861617045,0.4492600889647722,-0.1269622806435206,0.44753549001750725,-0.12696228087582856,0.44753549000848925,-0.1269622806435206,0.44753549001750725,2026-07-27T20:22:18
29,1,short_multidirectional_EMG_robot_v4_adaptive_control,heldout_replay_autopilot,1,1,dynamic,1,5,5,FORMAL_A080_W025,1,7,0,3,600772057b82e9959c9aeb7b3b7837360aa53515630d0b85f76eac28e15c0b72,a74323189f537088b6296b94bab737582d2c5d3ef8ef6554eed6ae5a46110a2d,8fe8c76a91d44a492e212c1fd2afdfed2006048f61d6d1346c935e9a8664253f,1,0,"[""dynamic/hands_down_v1_Plot_and_Store_Rep_1.9.hpf"", ""dynamic/hands_open_v1_Plot_and_Store_Rep_1.7.hpf"", ""dynamic/rest_v1_Plot_and_Store_Rep_1.5.hpf""]","[""dynamic/hands_down_v1_Plot_and_Store_Rep_1.9.hpf"", ""dynamic/hands_open_v1_Plot_and_Store_Rep_1.7.hpf"", ""dynamic/rest_v1_Plot_and_Store_Rep_1.5.hpf""]","{""dynamic/hands_down_v1_Plot_and_Store_Rep_1.9.hpf"": [199, 217], ""dynamic/hands_open_v1_Plot_and_Store_Rep_1.7.hpf"": [298, 305], ""dynamic/rest_v1_Plot_and_Store_Rep_1.5.hpf"": [500, 501]}","[121, 122, 123]",0,0.08,0.08,0.08129881209739351,0.025,0.0115,2.0703893278913976,ros_time,1,1,0,0,1,6.988,7.24,0.252,11.855933079,0.6106647154431024,0.29627780879957033,1,1,29,0.9655172413793104,3.9484009655172416,5.793898,28.689655172413794,64.0,0.09459463277252884,2,0.010788921787680572,-0.009009812381210392,-0.0059349906652055,0.07161161522520865,-0.11661364861617046,0.4492600889647722,-0.12696228087768718,0.44753548995742476,-0.09881197389966531,0.3712658559902263,-0.10660303382355082,0.3787291138983462,-0.106603033824485,0.3787291138886069,-0.10660303382355082,0.3787291138983462,2026-07-27T20:22:30
30,1,short_multidirectional_EMG_robot_v4_adaptive_control,heldout_replay_autopilot,1,1,dynamic,1,5,5,FORMAL_A080_W025,2,7,3,6,600772057b82e9959c9aeb7b3b7837360aa53515630d0b85f76eac28e15c0b72,a74323189f537088b6296b94bab737582d2c5d3ef8ef6554eed6ae5a46110a2d,8fe8c76a91d44a492e212c1fd2afdfed2006048f61d6d1346c935e9a8664253f,1,0,"[""dynamic/hands_close_v1_Plot_and_Store_Rep_1.6.hpf"", ""dynamic/hands_up_v1_Plot_and_Store_Rep_1.8.hpf"", ""dynamic/rest_v1_Plot_and_Store_Rep_1.5.hpf""]","[""dynamic/hands_close_v1_Plot_and_Store_Rep_1.6.hpf"", ""dynamic/hands_up_v1_Plot_and_Store_Rep_1.8.hpf"", ""dynamic/rest_v1_Plot_and_Store_Rep_1.5.hpf""]","{""dynamic/hands_up_v1_Plot_and_Store_Rep_1.8.hpf"": [414, 427], ""dynamic/hands_close_v1_Plot_and_Store_Rep_1.6.hpf"": [31, 40], ""dynamic/rest_v1_Plot_and_Store_Rep_1.5.hpf"": [535, 536]}","[124, 125, 126]",0,0.08,0.07999999999999999,0.06932226058008882,0.025,0.0115,2.0703893278913976,ros_time,1,1,0,0,1,6.22,6.468,0.248,9.786399863,0.6609172004563125,0.33286002056131797,0,0,26,1.0,3.646257346153846,5.21092,28.76923076923077,56.0,0.08561777116818331,1,0.01031964635926902,-0.007678151859206723,-0.006895004351509483,0.06162919175946881,-0.09881197389966531,0.3712658559902263,-0.10660303382637171,0.378729113868936,-0.148691158048364,0.4338123745876687,-0.13851317719326176,0.4321083186339082,-0.13901230703048303,0.4321081392255527,-0.13851317719326176,0.4321083186339082,2026-07-27T20:22:40
31,1,short_multidirectional_EMG_robot_v4_adaptive_control,heldout_replay_autopilot,1,1,dynamic,1,5,5,FORMAL_A080_W025,3,7,6,2,600772057b82e9959c9aeb7b3b7837360aa53515630d0b85f76eac28e15c0b72,a74323189f537088b6296b94bab737582d2c5d3ef8ef6554eed6ae5a46110a2d,8fe8c76a91d44a492e212c1fd2afdfed2006048f61d6d1346c935e9a8664253f,1,0,"[""dynamic/hands_down_v1_Plot_and_Store_Rep_1.9.hpf"", ""dynamic/hands_open_v1_Plot_and_Store_Rep_1.7.hpf"", ""dynamic/rest_v1_Plot_and_Store_Rep_1.5.hpf""]","[""dynamic/hands_down_v1_Plot_and_Store_Rep_1.9.hpf"", ""dynamic/hands_open_v1_Plot_and_Store_Rep_1.7.hpf"", ""dynamic/rest_v1_Plot_and_Store_Rep_1.5.hpf""]","{""dynamic/hands_open_v1_Plot_and_Store_Rep_1.7.hpf"": [286, 301], ""dynamic/hands_down_v1_Plot_and_Store_Rep_1.9.hpf"": [163, 170], ""dynamic/rest_v1_Plot_and_Store_Rep_1.5.hpf"": [504, 505]}","[127, 128, 129]",0,0.08,0.07999999999999999,0.07059050375993704,0.025,0.0115,2.0703893278913976,ros_time,1,1,0,0,1,6.22,6.468,0.248,10.854348449,0.5958902121477305,0.33286002056131797,0,0,26,1.0,4.165822153846154,6.360538,20.0,52.0,0.08287825789575344,1,0.00998687678864647,-0.006681573515409132,0.0074225523473929675,0.0638586430209832,-0.148691158048364,0.4338123745876687,-0.13901230703057815,0.43210813920650215,-0.07661364861617045,0.3991016754582641,-0.07941301357587274,0.40868819014369573,-0.07941301357712852,0.4086881901362252,-0.07941301357587274,0.40868819014369573,2026-07-27T20:22:52
32,1,short_multidirectional_EMG_robot_v4_adaptive_control,heldout_replay_autopilot,1,1,dynamic,1,5,5,FORMAL_A080_W025,4,7,2,5,600772057b82e9959c9aeb7b3b7837360aa53515630d0b85f76eac28e15c0b72,a74323189f537088b6296b94bab737582d2c5d3ef8ef6554eed6ae5a46110a2d,8fe8c76a91d44a492e212c1fd2afdfed2006048f61d6d1346c935e9a8664253f,1,0,"[""dynamic/hands_close_v1_Plot_and_Store_Rep_1.6.hpf"", ""dynamic/rest_v1_Plot_and_Store_Rep_1.5.hpf""]","[""dynamic/hands_close_v1_Plot_and_Store_Rep_1.6.hpf"", ""dynamic/rest_v1_Plot_and_Store_Rep_1.5.hpf""]","{""dynamic/hands_close_v1_Plot_and_Store_Rep_1.6.hpf"": [63, 82], ""dynamic/rest_v1_Plot_and_Store_Rep_1.5.hpf"": [452, 454]}","[130, 131]",0,0.08,0.08000000000000002,0.07779356858475311,0.025,0.0115,2.0703893278913976,ros_time,1,1,0,0,1,5.468,5.72,0.252,9.680051914,0.5909059218708649,0.3786374045156177,1,1,23,0.9565217391304348,4.069977130434783,6.2071499999999995,24.333333333333332,44.0,0.07203954598021294,1,0.010868995756803687,-0.00517972019401533,-0.009555394679087115,0.07202091484148263,-0.07661364861617045,0.3991016754582641,-0.07941301358067251,0.4086881901151419,-0.15661364861617047,0.3991016754582641,-0.15143392842215514,0.4086570701373512,-0.15143392842187053,0.4086570701279675,-0.15143392842215514,0.4086570701373512,2026-07-27T20:23:00
33,1,short_multidirectional_EMG_robot_v4_adaptive_control,heldout_replay_autopilot,1,1,dynamic,1,5,5,FORMAL_A080_W025,5,7,5,1,600772057b82e9959c9aeb7b3b7837360aa53515630d0b85f76eac28e15c0b72,a74323189f537088b6296b94bab737582d2c5d3ef8ef6554eed6ae5a46110a2d,8fe8c76a91d44a492e212c1fd2afdfed2006048f61d6d1346c935e9a8664253f,1,0,"[""dynamic/hands_open_v1_Plot_and_Store_Rep_1.7.hpf"", ""dynamic/hands_up_v1_Plot_and_Store_Rep_1.8.hpf"", ""dynamic/rest_v1_Plot_and_Store_Rep_1.5.hpf""]","[""dynamic/hands_open_v1_Plot_and_Store_Rep_1.7.hpf"", ""dynamic/hands_up_v1_Plot_and_Store_Rep_1.8.hpf"", ""dynamic/rest_v1_Plot_and_Store_Rep_1.5.hpf""]","{""dynamic/hands_open_v1_Plot_and_Store_Rep_1.7.hpf"": [239, 264], ""dynamic/hands_up_v1_Plot_and_Store_Rep_1.8.hpf"": [363, 367], ""dynamic/rest_v1_Plot_and_Store_Rep_1.5.hpf"": [460, 461]}","[132, 133, 134]",0,0.08,0.07999999999999999,0.07147099795139851,0.025,0.0115,2.0703893278913976,ros_time,1,1,0,0,1,7.988,8.236,0.248,13.12601714,0.6274561363249904,0.2591874471571604,7,7,33,0.7878787878787878,3.851986363636364,6.162591,28.363636363636363,72.0,0.10839852411628752,5,0.011140878666388172,-0.0063174810350005136,-0.009176524986703407,0.06486982196440681,-0.15661364861617047,0.3991016754582641,-0.15143392842135248,0.40865707011086916,-0.08453613918397693,0.4338123745876687,-0.08624644794673977,0.42280355896585,-0.08624644794811867,0.42280355895636057,-0.08624644794673977,0.42280355896585,2026-07-27T20:23:14
34,1,short_multidirectional_EMG_robot_v4_adaptive_control,heldout_replay_autopilot,1,1,dynamic,1,5,5,FORMAL_A080_W025,6,7,1,4,600772057b82e9959c9aeb7b3b7837360aa53515630d0b85f76eac28e15c0b72,a74323189f537088b6296b94bab737582d2c5d3ef8ef6554eed6ae5a46110a2d,8fe8c76a91d44a492e212c1fd2afdfed2006048f61d6d1346c935e9a8664253f,1,0,"[""dynamic/hands_close_v1_Plot_and_Store_Rep_1.6.hpf"", ""dynamic/hands_down_v1_Plot_and_Store_Rep_1.9.hpf"", ""dynamic/rest_v1_Plot_and_Store_Rep_1.5.hpf""]","[""dynamic/hands_close_v1_Plot_and_Store_Rep_1.6.hpf"", ""dynamic/hands_down_v1_Plot_and_Store_Rep_1.9.hpf"", ""dynamic/rest_v1_Plot_and_Store_Rep_1.5.hpf""]","{""dynamic/hands_down_v1_Plot_and_Store_Rep_1.9.hpf"": [161, 171], ""dynamic/hands_close_v1_Plot_and_Store_Rep_1.6.hpf"": [74, 85], ""dynamic/rest_v1_Plot_and_Store_Rep_1.5.hpf"": [521, 522]}","[135, 136, 137]",0,0.08,0.07999999999999999,0.07054342903928122,0.025,0.0115,2.0703893278913976,ros_time,1,1,0,0,1,5.968,6.22,0.252,10.090942241,0.6163943714520365,0.3469151018584782,0,0,25,1.0,3.8212548400000004,4.752058,34.46153846153846,60.0,0.08591971444606976,1,0.01074866001644247,-0.009110972937945877,0.00570296977662401,0.06121562832780813,-0.08453613918397693,0.4338123745876687,-0.08624644795087119,0.4228035589374115,-0.1344153233326756,0.3712658559902263,-0.12427596330592713,0.374833357972993,-0.12432652653421142,0.3748333353540109,-0.12427596330592713,0.374833357972993,2026-07-27T20:23:25
35,1,short_multidirectional_EMG_robot_v4_adaptive_control,heldout_replay_autopilot,1,1,dynamic,1,5,5,FORMAL_A080_W025,7,7,4,0,600772057b82e9959c9aeb7b3b7837360aa53515630d0b85f76eac28e15c0b72,a74323189f537088b6296b94bab737582d2c5d3ef8ef6554eed6ae5a46110a2d,8fe8c76a91d44a492e212c1fd2afdfed2006048f61d6d1346c935e9a8664253f,1,0,"[""dynamic/hands_up_v1_Plot_and_Store_Rep_1.8.hpf"", ""dynamic/rest_v1_Plot_and_Store_Rep_1.5.hpf""]","[""dynamic/hands_up_v1_Plot_and_Store_Rep_1.8.hpf"", ""dynamic/rest_v1_Plot_and_Store_Rep_1.5.hpf""]","{""dynamic/hands_up_v1_Plot_and_Store_Rep_1.8.hpf"": [388, 406], ""dynamic/rest_v1_Plot_and_Store_Rep_1.5.hpf"": [543, 551]}","[138, 139]",0,0.08,0.08,0.07482533088111337,0.025,0.0115,2.0703893278913976,ros_time,1,1,0,0,1,6.736,6.988,0.252,10.773262835,0.6486428584381605,0.3073618360883904,7,7,28,0.75,3.2671511428571427,4.448193,32.13793103448276,84.0,0.06766612071231859,1,0.010261486062889787,-0.008314109388787445,0.006014456026122211,0.06596288693470348,-0.1344153233326756,0.3712658559902263,-0.12432652653498505,0.3748333353362714,-0.11661364861617046,0.4492600889647722,-0.12432737305883512,0.44249277402888226,-0.12432737305923922,0.4424927740194793,-0.12432737305883512,0.44249277402888226,2026-07-27T20:23:35
36,1,short_multidirectional_EMG_robot_v4_adaptive_control,heldout_replay_autopilot,1,1,dynamic,1,6,6,FORMAL_A280_W060,1,7,0,3,600772057b82e9959c9aeb7b3b7837360aa53515630d0b85f76eac28e15c0b72,a74323189f537088b6296b94bab737582d2c5d3ef8ef6554eed6ae5a46110a2d,8fe8c76a91d44a492e212c1fd2afdfed2006048f61d6d1346c935e9a8664253f,1,0,"[""dynamic/hands_down_v1_Plot_and_Store_Rep_1.9.hpf"", ""dynamic/hands_open_v1_Plot_and_Store_Rep_1.7.hpf"", ""dynamic/rest_v1_Plot_and_Store_Rep_1.5.hpf""]","[""dynamic/hands_down_v1_Plot_and_Store_Rep_1.9.hpf"", ""dynamic/hands_open_v1_Plot_and_Store_Rep_1.7.hpf"", ""dynamic/rest_v1_Plot_and_Store_Rep_1.5.hpf""]","{""dynamic/hands_down_v1_Plot_and_Store_Rep_1.9.hpf"": [175, 220], ""dynamic/hands_open_v1_Plot_and_Store_Rep_1.7.hpf"": [232, 252], ""dynamic/rest_v1_Plot_and_Store_Rep_1.5.hpf"": [512, 513]}","[140, 141, 142, 143]",0,0.28,0.27999999999999997,0.27526684833770765,0.06,0.027,2.5025003405291835,ros_time,1,1,0,0,1,18.984,19.236,0.252,31.39119806,0.6127832382578392,0.13182155186099787,8,8,77,0.8961038961038961,3.8015771038961037,5.690286,30.46153846153846,64.0,0.37390858925817844,3,0.02639495956532574,-0.025542462432755694,-0.006654059161627944,0.2495763584541926,-0.11661364861617045,0.4492600889647722,-0.12432737306145028,0.4424927739679824,-0.054307787108402415,0.1762802735538616,-0.06647874771046355,0.19970166566616476,-0.06647874771413285,0.1997016656570847,-0.06647874771046355,0.19970166566616476,2026-07-27T20:24:07
37,1,short_multidirectional_EMG_robot_v4_adaptive_control,heldout_replay_autopilot,1,1,dynamic,1,6,6,FORMAL_A280_W060,2,7,3,6,600772057b82e9959c9aeb7b3b7837360aa53515630d0b85f76eac28e15c0b72,a74323189f537088b6296b94bab737582d2c5d3ef8ef6554eed6ae5a46110a2d,8fe8c76a91d44a492e212c1fd2afdfed2006048f61d6d1346c935e9a8664253f,1,0,"[""dynamic/hands_close_v1_Plot_and_Store_Rep_1.6.hpf"", ""dynamic/hands_up_v1_Plot_and_Store_Rep_1.8.hpf"", ""dynamic/rest_v1_Plot_and_Store_Rep_1.5.hpf""]","[""dynamic/hands_close_v1_Plot_and_Store_Rep_1.6.hpf"", ""dynamic/hands_up_v1_Plot_and_Store_Rep_1.8.hpf"", ""dynamic/rest_v1_Plot_and_Store_Rep_1.5.hpf""]","{""dynamic/hands_up_v1_Plot_and_Store_Rep_1.8.hpf"": [407, 436], ""dynamic/hands_close_v1_Plot_and_Store_Rep_1.6.hpf"": [63, 92], ""dynamic/rest_v1_Plot_and_Store_Rep_1.5.hpf"": [510, 511]}","[144, 145, 146]",0,0.28,0.27999999999999997,0.2541508706268344,0.06,0.027,2.5025003405291835,ros_time,1,1,0,0,1,15.22,15.468,0.248,26.376670761,0.5864273069242183,0.1644218357772131,0,0,62,1.0,4.058327419354838,6.482012,23.174603174603174,44.0,0.3244686500209822,1,0.025904870210519404,-0.022068239630959583,-0.013566690835071036,0.232031708852875,-0.054307787108402415,0.1762802735538616,-0.06647874772165309,0.19970166563847633,-0.22888493162884782,0.39519308864490993,-0.20451874326620076,0.3863981375194142,-0.20451907859546398,0.3863981373481726,-0.20451874326620076,0.3863981375194142,2026-07-27T20:24:32
38,1,short_multidirectional_EMG_robot_v4_adaptive_control,heldout_replay_autopilot,1,1,dynamic,1,6,6,FORMAL_A280_W060,3,7,6,2,600772057b82e9959c9aeb7b3b7837360aa53515630d0b85f76eac28e15c0b72,a74323189f537088b6296b94bab737582d2c5d3ef8ef6554eed6ae5a46110a2d,8fe8c76a91d44a492e212c1fd2afdfed2006048f61d6d1346c935e9a8664253f,1,0,"[""dynamic/hands_down_v1_Plot_and_Store_Rep_1.9.hpf"", ""dynamic/hands_open_v1_Plot_and_Store_Rep_1.7.hpf"", ""dynamic/rest_v1_Plot_and_Store_Rep_1.5.hpf""]","[""dynamic/hands_down_v1_Plot_and_Store_Rep_1.9.hpf"", ""dynamic/hands_open_v1_Plot_and_Store_Rep_1.7.hpf"", ""dynamic/rest_v1_Plot_and_Store_Rep_1.5.hpf""]","{""dynamic/hands_open_v1_Plot_and_Store_Rep_1.7.hpf"": [234, 294], ""dynamic/hands_down_v1_Plot_and_Store_Rep_1.9.hpf"": [174, 205], ""dynamic/rest_v1_Plot_and_Store_Rep_1.5.hpf"": [537, 538]}","[147, 148, 149]",0,0.28,0.28,0.2542449283376325,0.06,0.027,2.5025003405291835,ros_time,1,1,0,0,1,23.472,23.72,0.248,41.994033273,0.5648421490214596,0.10661640850925287,18,18,95,0.8105263157894737,4.6386589473684205,9.967507000000001,25.263157894736842,56.0,0.5278189968412007,13,0.02590764572533816,-0.016984075122022553,0.019563928523666386,0.23724706348967226,-0.22888493162884782,0.39519308864490993,-0.20451907859202395,0.38639813732914435,0.02338635138382955,0.2737056416919937,0.016572698908448265,0.2987012462450819,0.016572698915646673,0.2987012689493469,0.016572698908448265,0.2987012462450819,2026-07-27T20:25:13
39,1,short_multidirectional_EMG_robot_v4_adaptive_control,heldout_replay_autopilot,1,1,dynamic,1,6,6,FORMAL_A280_W060,4,7,2,5,600772057b82e9959c9aeb7b3b7837360aa53515630d0b85f76eac28e15c0b72,a74323189f537088b6296b94bab737582d2c5d3ef8ef6554eed6ae5a46110a2d,8fe8c76a91d44a492e212c1fd2afdfed2006048f61d6d1346c935e9a8664253f,1,0,"[""dynamic/hands_close_v1_Plot_and_Store_Rep_1.6.hpf"", ""dynamic/hands_down_v1_Plot_and_Store_Rep_1.9.hpf"", ""dynamic/rest_v1_Plot_and_Store_Rep_1.5.hpf""]","[""dynamic/hands_close_v1_Plot_and_Store_Rep_1.6.hpf"", ""dynamic/hands_down_v1_Plot_and_Store_Rep_1.9.hpf"", ""dynamic/rest_v1_Plot_and_Store_Rep_1.5.hpf""]","{""dynamic/hands_close_v1_Plot_and_Store_Rep_1.6.hpf"": [34, 84], ""dynamic/hands_down_v1_Plot_and_Store_Rep_1.9.hpf"": [179, 179], ""dynamic/rest_v1_Plot_and_Store_Rep_1.5.hpf"": [451, 454]}","[150, 151, 152]",0,0.28,0.28,0.2743274719263707,0.06,0.027,2.5025003405291835,ros_time,1,1,0,0,1,13.736,13.988,0.252,24.054997186,0.5815007955245578,0.1821855227525614,2,2,56,0.9642857142857143,4.3485091250000005,7.0758,29.285714285714285,64.0,0.2637668336987071,2,0.026220518487257677,-0.009851762726239222,-0.024299348981536628,0.26333458479557714,0.02338635138382955,0.2737056416919937,0.016572698905645868,0.298701268933635,-0.2566136486161705,0.2737056416919937,-0.24676188588993125,0.2980049906735303,-0.24676188588631578,0.2980049906638732,-0.24676188588993125,0.2980049906735303,2026-07-27T20:25:36
40,1,short_multidirectional_EMG_robot_v4_adaptive_control,heldout_replay_autopilot,1,1,dynamic,1,6,6,FORMAL_A280_W060,5,7,5,1,600772057b82e9959c9aeb7b3b7837360aa53515630d0b85f76eac28e15c0b72,a74323189f537088b6296b94bab737582d2c5d3ef8ef6554eed6ae5a46110a2d,8fe8c76a91d44a492e212c1fd2afdfed2006048f61d6d1346c935e9a8664253f,1,0,"[""dynamic/hands_open_v1_Plot_and_Store_Rep_1.7.hpf"", ""dynamic/hands_up_v1_Plot_and_Store_Rep_1.8.hpf"", ""dynamic/rest_v1_Plot_and_Store_Rep_1.5.hpf""]","[""dynamic/hands_open_v1_Plot_and_Store_Rep_1.7.hpf"", ""dynamic/hands_up_v1_Plot_and_Store_Rep_1.8.hpf"", ""dynamic/rest_v1_Plot_and_Store_Rep_1.5.hpf""]","{""dynamic/hands_open_v1_Plot_and_Store_Rep_1.7.hpf"": [262, 318], ""dynamic/hands_up_v1_Plot_and_Store_Rep_1.8.hpf"": [384, 399], ""dynamic/rest_v1_Plot_and_Store_Rep_1.5.hpf"": [448, 559]}","[153, 154, 155, 156]",1,0.28,0.28,0.26117570752956115,0.06,0.027,2.5025003405291835,ros_time,1,1,0,0,1,18.732,18.996,0.264,34.225314843,0.555027764890969,0.1335949359667512,14,14,76,0.8157894736842105,4.451896368421053,7.065187,25.736842105263158,60.0,0.39117160787471467,7,0.026323424790336038,-0.021066479689472478,-0.015783729793224458,0.23951429640873623,-0.2566136486161705,0.2737056416919937,-0.24676188587930048,0.29800499064513286,-0.0043423656034931035,0.39519308864491,-0.016474304260101,0.37183203650411845,-0.01647430426375391,0.37183203649465424,-0.016474304260101,0.37183203650411845,2026-07-27T20:26:08
41,1,short_multidirectional_EMG_robot_v4_adaptive_control,heldout_replay_autopilot,1,1,dynamic,1,6,6,FORMAL_A280_W060,6,7,1,4,600772057b82e9959c9aeb7b3b7837360aa53515630d0b85f76eac28e15c0b72,a74323189f537088b6296b94bab737582d2c5d3ef8ef6554eed6ae5a46110a2d,8fe8c76a91d44a492e212c1fd2afdfed2006048f61d6d1346c935e9a8664253f,1,0,"[""dynamic/hands_close_v1_Plot_and_Store_Rep_1.6.hpf"", ""dynamic/hands_down_v1_Plot_and_Store_Rep_1.9.hpf"", ""dynamic/rest_v1_Plot_and_Store_Rep_1.5.hpf""]","[""dynamic/hands_close_v1_Plot_and_Store_Rep_1.6.hpf"", ""dynamic/hands_down_v1_Plot_and_Store_Rep_1.9.hpf"", ""dynamic/rest_v1_Plot_and_Store_Rep_1.5.hpf""]","{""dynamic/hands_down_v1_Plot_and_Store_Rep_1.9.hpf"": [136, 165], ""dynamic/hands_close_v1_Plot_and_Store_Rep_1.6.hpf"": [30, 59], ""dynamic/rest_v1_Plot_and_Store_Rep_1.5.hpf"": [493, 494]}","[157, 158, 159]",0,0.28,0.28,0.25422221950003365,0.06,0.027,2.5025003405291835,ros_time,1,1,0,0,1,15.232,15.488,0.256,29.270092052,0.5291408025804866,0.16429230176793486,0,0,62,1.0,5.509468596774194,10.407988999999999,27.29032258064516,44.0,0.32354262601647543,1,0.026119579930444725,-0.022505091191598568,0.013257199033005544,0.23166636272510988,-0.0043423656034931035,0.39519308864491,-0.016474304270245384,0.37183203647783675,-0.17891951012393847,0.1762802735538616,-0.1545229197027275,0.1856097339649769,-0.15452291970187862,0.18560973395706415,-0.1545229197027275,0.1856097339649769,2026-07-27T20:26:36
42,1,short_multidirectional_EMG_robot_v4_adaptive_control,heldout_replay_autopilot,1,1,dynamic,1,6,6,FORMAL_A280_W060,7,7,4,0,600772057b82e9959c9aeb7b3b7837360aa53515630d0b85f76eac28e15c0b72,a74323189f537088b6296b94bab737582d2c5d3ef8ef6554eed6ae5a46110a2d,8fe8c76a91d44a492e212c1fd2afdfed2006048f61d6d1346c935e9a8664253f,1,0,"[""dynamic/hands_open_v1_Plot_and_Store_Rep_1.7.hpf"", ""dynamic/hands_up_v1_Plot_and_Store_Rep_1.8.hpf"", ""dynamic/rest_v1_Plot_and_Store_Rep_1.5.hpf""]","[""dynamic/hands_open_v1_Plot_and_Store_Rep_1.7.hpf"", ""dynamic/hands_up_v1_Plot_and_Store_Rep_1.8.hpf"", ""dynamic/rest_v1_Plot_and_Store_Rep_1.5.hpf""]","{""dynamic/hands_up_v1_Plot_and_Store_Rep_1.8.hpf"": [336, 447], ""dynamic/hands_open_v1_Plot_and_Store_Rep_1.7.hpf"": [319, 319], ""dynamic/rest_v1_Plot_and_Store_Rep_1.5.hpf"": [451, 454]}","[160, 161, 162, 163]",1,0.28,0.27999999999999997,0.2663618263576871,0.06,0.027,2.5025003405291835,ros_time,1,1,0,0,1,14.492,14.736,0.244,30.012381845,0.49099735156325114,0.17268150293466625,5,5,59,0.9152542372881356,5.73369006779661,9.937339,26.933333333333334,52.0,0.28023158240344215,4,0.0261625165649915,-0.014809399829524986,0.02156754389592658,0.25066629675126406,-0.17891951012393847,0.1762802735538616,-0.1545229196996783,0.18560973393652694,-0.11661364861617045,0.4492600889647722,-0.14093585063891437,0.43962122171917295,-0.1409358506389201,0.43962122171001794,-0.14093585063891437,0.43962122171917295,2026-07-27T20:27:05
