dataset_name,protocol,evaluation_unit,fold_id,model_name,model_display_name,train_split_values,validation_split_values,test_split_values,train_sample_count,validation_sample_count,test_sample_count,best_epoch,best_val_macro_f1,fusion_deep_weight,train_seconds,avg_inference_ms_per_sample,deep_param_count,tree_node_count,test_accuracy,test_balanced_accuracy,test_macro_precision,test_macro_recall,test_macro_f1
UCI_EMG_Data_for_Gestures,subject-aware 3-fold; test subjects held out,window,uci_subject_fold1,LSTMTransformer,LSTM-Transformer,19;20;21;22;23;24;25;26;27;28;29;30;31;32;33;34;35;36,13;14;15;16;17;18,1;2;3;4;5;6;7;8;9;10;11;12,6722,2468,4507,23,0.825970855420178,,19.84260130000621,0.03469343243773755,397735,0,0.7623696472154426,0.7624045225177828,0.7645308382170191,0.7624045225177828,0.7612294378650152
UCI_EMG_Data_for_Gestures,subject-aware 3-fold; test subjects held out,window,uci_subject_fold1,FeatureExtraTrees,Feature ExtraTrees,19;20;21;22;23;24;25;26;27;28;29;30;31;32;33;34;35;36,13;14;15;16;17;18,1;2;3;4;5;6;7;8;9;10;11;12,6722,2468,4507,,0.855885041146585,,6.150791400003072,0.07011763922784818,0,1140496,0.7885511426669625,0.7886775597947732,0.7879309746046887,0.7886775597947732,0.7873233356232712
UCI_EMG_Data_for_Gestures,subject-aware 3-fold; test subjects held out,window,uci_subject_fold1,DeepFeatureFusion,LSTM-Transformer + Feature Fusion,19;20;21;22;23;24;25;26;27;28;29;30;31;32;33;34;35;36,13;14;15;16;17;18,1;2;3;4;5;6;7;8;9;10;11;12,6722,2468,4507,23,0.855885041146585,0.0,25.99339270000928,0.10481107166558572,397735,1140496,0.7885511426669625,0.7886775597947732,0.7879309746046887,0.7886775597947732,0.7873233356232712
UCI_EMG_Data_for_Gestures,subject-aware 3-fold; test subjects held out,window,uci_subject_fold2,LSTMTransformer,LSTM-Transformer,1;2;3;4;5;6;7;8;9;10;11;12;31;32;33;34;35;36,25;26;27;28;29;30,13;14;15;16;17;18;19;20;21;22;23;24,6739,2187,4771,13,0.776990767916976,,13.170439000001352,0.030872332844416178,397735,0,0.8346258645986167,0.8347625936349106,0.8371983957189811,0.8347625936349106,0.8346673005659481
UCI_EMG_Data_for_Gestures,subject-aware 3-fold; test subjects held out,window,uci_subject_fold2,FeatureExtraTrees,Feature ExtraTrees,1;2;3;4;5;6;7;8;9;10;11;12;31;32;33;34;35;36,25;26;27;28;29;30,13;14;15;16;17;18;19;20;21;22;23;24,6739,2187,4771,,0.7717709482444038,,6.415669099995284,0.07028629218255587,0,1121372,0.8262418780129952,0.827664457926092,0.8303947195432789,0.827664457926092,0.8266753932444577
UCI_EMG_Data_for_Gestures,subject-aware 3-fold; test subjects held out,window,uci_subject_fold2,DeepFeatureFusion,LSTM-Transformer + Feature Fusion,1;2;3;4;5;6;7;8;9;10;11;12;31;32;33;34;35;36,25;26;27;28;29;30,13;14;15;16;17;18;19;20;21;22;23;24,6739,2187,4771,13,0.7857266519426869,0.30000000000000004,19.586108099996636,0.10115862502697205,397735,1121372,0.839446656885349,0.839766155812555,0.8412464368587144,0.839766155812555,0.839719890156867
UCI_EMG_Data_for_Gestures,subject-aware 3-fold; test subjects held out,window,uci_subject_fold3,LSTMTransformer,LSTM-Transformer,7;8;9;10;11;12;13;14;15;16;17;18;19;20;21;22;23;24,1;2;3;4;5;6,25;26;27;28;29;30;31;32;33;34;35;36,7081,2197,4419,20,0.7801476398132086,,18.26857480000035,0.03093125141416435,397735,0,0.817153202081919,0.8162386241283263,0.8250104210166453,0.8162386241283263,0.8181767888022172
UCI_EMG_Data_for_Gestures,subject-aware 3-fold; test subjects held out,window,uci_subject_fold3,FeatureExtraTrees,Feature ExtraTrees,7;8;9;10;11;12;13;14;15;16;17;18;19;20;21;22;23;24,1;2;3;4;5;6,25;26;27;28;29;30;31;32;33;34;35;36,7081,2197,4419,,0.7914981294401001,,7.179759800004831,0.07409321113374075,0,1097748,0.8384249830278343,0.8380683679612826,0.8435268846825559,0.8380683679612826,0.8388482560659368
UCI_EMG_Data_for_Gestures,subject-aware 3-fold; test subjects held out,window,uci_subject_fold3,DeepFeatureFusion,LSTM-Transformer + Feature Fusion,7;8;9;10;11;12;13;14;15;16;17;18;19;20;21;22;23;24,1;2;3;4;5;6,25;26;27;28;29;30;31;32;33;34;35;36,7081,2197,4419,20,0.7955351117727713,0.05,25.448334600005182,0.10502446254790511,397735,1097748,0.8402353473636569,0.8398044419155625,0.8456925259080564,0.8398044419155625,0.8407011955624674
