trial_index,subject_id,task_protocol,input_mode,evaluation_mode,fold_index,held_out_condition,block_index,sequence_number,condition_order,condition_id,sequence_trial_index,target_count,from_target_index,to_target_index,model_sha256,split_manifest_sha256,provenance_valid,provenance_errors,input_segment_ids,input_source_files,input_sample_ranges,stream_instance_ids,replay_wrap_count,distance_config_m,distance_center_m,distance_actual_m,target_width_m,index_of_difficulty_bits,timing_clock,selection_made,hit,miss,timeout,success,movement_time_s,confirmation_time_s,selection_confirmation_delay_s,wall_movement_time_s,observed_real_time_factor,throughput_bits_per_s,classification_errors,direction_errors,prediction_count,classification_accuracy,mean_inference_ms,p95_inference_ms,mean_control_latency_ms,p95_control_latency_ms,path_length_m,direction_switches,endpoint_radial_error_m,endpoint_axis_error_m,endpoint_orthogonal_error_m,effective_amplitude_m,start_target_x,start_target_y,start_x,start_y,target_x,target_y,first_selection_x,first_selection_y,confirmed_end_x,confirmed_end_y,end_x,end_y,timestamp
1,1,short_multidirectional_EMG_robot_v3,heldout_replay_autopilot,1,1,StaticP1,1,1,1,FORMAL_A180_W060,1,7,0,3,f0b41c7cddf1b14a1c66526f9b9065d26548ee59bbb2bf69e30f3346dd6587f4,03d669add0cfaee7205b0c92494d859fcbc2d9f6631b99408b12f6ce64fa329c,1,0,"[""S01_StaticP1_seg0001"", ""S01_StaticP1_seg0004"", ""S01_StaticP1_seg0005""]","[""data/limb/subject01/StaticP1/subject1_limb_EMG.mat""]","{""S01_StaticP1_seg0005"": [63756, 65714], ""S01_StaticP1_seg0004"": [47152, 60458], ""S01_StaticP1_seg0001"": [1944, 5458]}","[86, 87, 88, 89, 90, 91, 92, 93, 94, 95]",1,0.18,0.18000000000000002,0.18266827978080066,0.06,2.0,ros_time,1,1,0,0,1,18.674,18.918,0.244,63.727496871,0.29685772906308633,0.1071007818357074,0,1,64,1.0,7.19399446875,11.023416000000001,25.125,44.0,0.21673003782908645,6,0.0057291469394890986,-0.0029263221311327326,-0.00492542012818197,0.17959886773433736,-0.11661364840545171,0.449260097639005,-0.12422311174915932,0.4501134171151703,-0.07655988029331512,0.2737730734462767,-0.08201297778917858,0.27553001748490313,-0.08201306590655012,0.27497202120653097,-0.08201297778917858,0.27553001748490313,2026-07-24T20:45:50
2,1,short_multidirectional_EMG_robot_v3,heldout_replay_autopilot,1,1,StaticP1,1,1,1,FORMAL_A180_W060,2,7,3,6,f0b41c7cddf1b14a1c66526f9b9065d26548ee59bbb2bf69e30f3346dd6587f4,03d669add0cfaee7205b0c92494d859fcbc2d9f6631b99408b12f6ce64fa329c,1,0,"[""S01_StaticP1_seg0002"", ""S01_StaticP1_seg0003"", ""S01_StaticP1_seg0005""]","[""data/limb/subject01/StaticP1/subject1_limb_EMG.mat""]","{""S01_StaticP1_seg0005"": [64466, 65410], ""S01_StaticP1_seg0003"": [32112, 39167], ""S01_StaticP1_seg0002"": [17511, 22814]}","[95, 96, 97, 98, 99, 100, 101, 102, 103, 104, 105, 106, 107, 108, 109, 110, 111]",0,0.18,0.18000000000000002,0.17569780206737487,0.06,2.0,ros_time,1,1,0,0,1,26.238,26.492,0.254,88.235104379,0.30024331230127843,0.07622532205198568,15,15,81,0.8148148148148149,6.8254162839506165,9.50064,27.333333333333332,46.0,0.28949254361437726,24,0.005918954659504915,-0.00521543764627013,-0.002798791599805749,0.1704471816377351,-0.07655988029331512,0.2737730734462767,-0.0820130659087368,0.2749720211967275,-0.18878804462788717,0.4145027402905221,-0.18334808905761243,0.4121701649638259,-0.18334805793520734,0.4127003488187722,-0.18334808905761243,0.4121701649638259,2026-07-24T20:47:13
3,1,short_multidirectional_EMG_robot_v3,heldout_replay_autopilot,1,1,StaticP1,1,1,1,FORMAL_A180_W060,3,7,6,2,f0b41c7cddf1b14a1c66526f9b9065d26548ee59bbb2bf69e30f3346dd6587f4,03d669add0cfaee7205b0c92494d859fcbc2d9f6631b99408b12f6ce64fa329c,1,0,"[""S01_StaticP1_seg0001"", ""S01_StaticP1_seg0004"", ""S01_StaticP1_seg0005""]","[""data/limb/subject01/StaticP1/subject1_limb_EMG.mat""]","{""S01_StaticP1_seg0005"": [64507, 66103], ""S01_StaticP1_seg0001"": [1541, 11539], ""S01_StaticP1_seg0004"": [46941, 49958]}","[111, 112, 113, 114, 115, 116, 117, 118, 119, 120, 121, 122, 123, 124]",0,0.18,0.18000000000000002,0.17431826854175658,0.06,2.0,ros_time,1,1,0,0,1,19.438,19.69,0.252,63.095643436,0.3120659197329879,0.10289124395513942,0,0,60,1.0,6.532892966666666,8.309385,23.5,52.0,0.22556951878652742,10,0.007818015730063523,-0.0030834383511968654,0.007184272954856951,0.17123327464079482,-0.18878804462788717,0.4145027402905221,-0.1833480579341515,0.4127003488094779,-0.026613648405451718,0.3364036672493616,-0.026274591153481977,0.3442143272813568,-0.025503341821364836,0.3442140310325824,-0.026274591153481977,0.3442143272813568,2026-07-24T20:48:13
4,1,short_multidirectional_EMG_robot_v3,heldout_replay_autopilot,1,1,StaticP1,1,1,1,FORMAL_A180_W060,4,7,2,5,f0b41c7cddf1b14a1c66526f9b9065d26548ee59bbb2bf69e30f3346dd6587f4,03d669add0cfaee7205b0c92494d859fcbc2d9f6631b99408b12f6ce64fa329c,1,0,"[""S01_StaticP1_seg0002"", ""S01_StaticP1_seg0004"", ""S01_StaticP1_seg0005""]","[""data/limb/subject01/StaticP1/subject1_limb_EMG.mat""]","{""S01_StaticP1_seg0002"": [16687, 30231], ""S01_StaticP1_seg0004"": [48660, 50045], ""S01_StaticP1_seg0005"": [62538, 63482]}","[125, 126, 127, 128]",1,0.18,0.18,0.1812786389289953,0.06,2.0,ros_time,1,1,0,0,1,19.638,19.89,0.252,63.050979627,0.3154590161432259,0.10184336490477644,8,8,76,0.8947368421052632,6.317081710526316,8.660232,23.894736842105264,50.0,0.22482173840581654,13,0.007120735322768516,-0.0070564775712985695,-0.0009544610116099528,0.17405382900916722,-0.026613648405451718,0.3364036672493616,-0.02550334182498591,0.3442140310231391,-0.2066136484054517,0.3364036672493616,-0.19955717083415314,0.33735812826097156,-0.19955713479758763,0.33704166172589267,-0.19955717083415314,0.33735812826097156,2026-07-24T20:49:13
5,1,short_multidirectional_EMG_robot_v3,heldout_replay_autopilot,1,1,StaticP1,1,1,1,FORMAL_A180_W060,5,7,5,1,f0b41c7cddf1b14a1c66526f9b9065d26548ee59bbb2bf69e30f3346dd6587f4,03d669add0cfaee7205b0c92494d859fcbc2d9f6631b99408b12f6ce64fa329c,1,0,"[""S01_StaticP1_seg0001"", ""S01_StaticP1_seg0003"", ""S01_StaticP1_seg0005""]","[""data/limb/subject01/StaticP1/subject1_limb_EMG.mat""]","{""S01_StaticP1_seg0005"": [63875, 64819], ""S01_StaticP1_seg0001"": [1706, 10588], ""S01_StaticP1_seg0003"": [32287, 35591]}","[128, 129, 130, 131, 132, 133, 134, 135, 136, 137, 138, 139, 140, 141]",0,0.18,0.18000000000000002,0.17338332157430647,0.06,2.0,ros_time,1,1,0,0,1,19.938,20.188,0.25,63.105533827,0.31990855279576874,0.10031096398836394,2,2,63,0.9682539682539683,6.360395095238095,8.315038000000001,26.875,54.0,0.22483073958204372,11,0.005460440976194412,-0.005413709020782357,-0.0007128606405200967,0.16795177647609397,-0.2066136484054517,0.3364036672493616,-0.19955713479573658,0.3370416617162749,-0.04443925218301627,0.4145027402905221,-0.049007536830445064,0.411511554733829,-0.04900764176289471,0.4124160977104162,-0.049007536830445064,0.411511554733829,2026-07-24T20:50:13
6,1,short_multidirectional_EMG_robot_v3,heldout_replay_autopilot,1,1,StaticP1,1,1,1,FORMAL_A180_W060,6,7,1,4,f0b41c7cddf1b14a1c66526f9b9065d26548ee59bbb2bf69e30f3346dd6587f4,03d669add0cfaee7205b0c92494d859fcbc2d9f6631b99408b12f6ce64fa329c,1,0,"[""S01_StaticP1_seg0002"", ""S01_StaticP1_seg0004"", ""S01_StaticP1_seg0005""]","[""data/limb/subject01/StaticP1/subject1_limb_EMG.mat""]","{""S01_StaticP1_seg0005"": [63732, 65512], ""S01_StaticP1_seg0004"": [47088, 52022], ""S01_StaticP1_seg0002"": [17134, 21072]}","[141, 142, 143, 144, 145, 146, 147, 148, 149, 150, 151, 152, 153, 154, 155, 156, 157, 158, 159]",0,0.18,0.18000000000000002,0.17553494032313013,0.06,2.0,ros_time,1,1,0,0,1,22.54,22.79,0.25,72.591173727,0.31395001389161103,0.08873114463176575,4,4,66,0.9393939393939394,6.075997954545455,7.808186999999999,25.515151515151516,46.0,0.25928903525964747,20,0.00852006520966324,-0.006356982832193811,-0.00567276656033959,0.16916326998328857,-0.04443925218301627,0.4145027402905221,-0.04900764176526595,0.412416097701102,-0.1566674165175883,0.2737730734462767,-0.1571390500406898,0.2822800748566916,-0.15803669916574964,0.28227968865488173,-0.1571390500406898,0.2822800748566916,2026-07-24T20:51:23
7,1,short_multidirectional_EMG_robot_v3,heldout_replay_autopilot,1,1,StaticP1,1,1,1,FORMAL_A180_W060,7,7,4,0,f0b41c7cddf1b14a1c66526f9b9065d26548ee59bbb2bf69e30f3346dd6587f4,03d669add0cfaee7205b0c92494d859fcbc2d9f6631b99408b12f6ce64fa329c,1,0,"[""S01_StaticP1_seg0001"", ""S01_StaticP1_seg0003"", ""S01_StaticP1_seg0005""]","[""data/limb/subject01/StaticP1/subject1_limb_EMG.mat""]","{""S01_StaticP1_seg0005"": [62674, 65369], ""S01_StaticP1_seg0003"": [32344, 45319], ""S01_StaticP1_seg0001"": [2001, 5402]}","[159, 160, 161, 162, 163, 164, 165, 166, 167, 168]",1,0.18,0.18000000000000002,0.17204164066413435,0.06,2.0,ros_time,1,1,0,0,1,18.61,18.858,0.248,61.935536605,0.3044778657569201,0.10746910263299302,4,4,65,0.9384615384615385,6.938326630769231,9.830127999999998,23.723076923076924,46.0,0.20669663924607543,8,0.005390060417590004,-0.003046430795428407,0.004446572917870118,0.16896492666379212,-0.1566674165175883,0.2737730734462767,-0.15803669916487478,0.28227968864384956,-0.11661364840545171,0.449260097639005,-0.12162663108246707,0.44727950278260087,-0.12162663785492853,0.4479712908136353,-0.12162663108246707,0.44727950278260087,2026-07-24T20:52:23
8,1,short_multidirectional_EMG_robot_v3,heldout_replay_autopilot,1,1,StaticP1,1,2,2,FORMAL_A080_W060,1,7,0,3,f0b41c7cddf1b14a1c66526f9b9065d26548ee59bbb2bf69e30f3346dd6587f4,03d669add0cfaee7205b0c92494d859fcbc2d9f6631b99408b12f6ce64fa329c,1,0,"[""S01_StaticP1_seg0001"", ""S01_StaticP1_seg0004"", ""S01_StaticP1_seg0005""]","[""data/limb/subject01/StaticP1/subject1_limb_EMG.mat""]","{""S01_StaticP1_seg0005"": [64001, 65571], ""S01_StaticP1_seg0004"": [47013, 54284], ""S01_StaticP1_seg0001"": [3328, 4927]}","[168, 169, 170, 171, 172, 173]",0,0.08,0.08,0.08002644124083086,0.06,1.222392421336448,ros_time,1,1,0,0,1,8.338,8.59,0.252,27.836915888,0.3085830353679014,0.1466049917649854,0,0,27,1.0,6.461800037037038,7.934518,23.037037037037038,44.0,0.0926677424317237,2,0.009138265996705582,-0.00042547141892635494,-0.009128355793801108,0.07943352990192154,-0.11661364840545171,0.449260097639005,-0.12162663785627839,0.4479712907867617,-0.09881197368894656,0.3712658646644591,-0.10780613884216114,0.36964941836988385,-0.10780616647141739,0.3688900827455593,-0.10780613884216114,0.36964941836988385,2026-07-24T20:52:53
9,1,short_multidirectional_EMG_robot_v3,heldout_replay_autopilot,1,1,StaticP1,1,2,2,FORMAL_A080_W060,2,7,3,6,f0b41c7cddf1b14a1c66526f9b9065d26548ee59bbb2bf69e30f3346dd6587f4,03d669add0cfaee7205b0c92494d859fcbc2d9f6631b99408b12f6ce64fa329c,1,0,"[""S01_StaticP1_seg0002"", ""S01_StaticP1_seg0003"", ""S01_StaticP1_seg0005""]","[""data/limb/subject01/StaticP1/subject1_limb_EMG.mat""]","{""S01_StaticP1_seg0005"": [64159, 65638], ""S01_StaticP1_seg0003"": [33406, 37439], ""S01_StaticP1_seg0002"": [16867, 19342]}","[173, 174, 175, 176, 177, 178, 179, 180]",0,0.08,0.07999999999999999,0.07672344898760705,0.06,1.222392421336448,ros_time,1,1,0,0,1,9.088,9.342,0.254,30.00675599,0.31132988861286104,0.13450620833367607,1,1,27,0.962962962962963,6.650029555555555,9.543016,29.85185185185185,50.0,0.09803352201033412,5,0.007133695300870203,-0.006035639756569765,0.0038027176301392773,0.07021403387440553,-0.09881197368894656,0.3712658646644591,-0.10780616647234412,0.36889008273570945,-0.14869115783764525,0.43381238326190147,-0.14790108236390997,0.4267225744216393,-0.1483697628817033,0.42672244049004626,-0.14790108236390997,0.4267225744216393,2026-07-24T20:53:23
10,1,short_multidirectional_EMG_robot_v3,heldout_replay_autopilot,1,1,StaticP1,1,2,2,FORMAL_A080_W060,3,7,6,2,f0b41c7cddf1b14a1c66526f9b9065d26548ee59bbb2bf69e30f3346dd6587f4,03d669add0cfaee7205b0c92494d859fcbc2d9f6631b99408b12f6ce64fa329c,1,0,"[""S01_StaticP1_seg0001"", ""S01_StaticP1_seg0004"", ""S01_StaticP1_seg0005""]","[""data/limb/subject01/StaticP1/subject1_limb_EMG.mat""]","{""S01_StaticP1_seg0005"": [62350, 65859], ""S01_StaticP1_seg0001"": [3213, 9188], ""S01_StaticP1_seg0004"": [47280, 49952]}","[180, 181, 182, 183, 184, 185, 186]",0,0.08,0.07999999999999999,0.07688853065291151,0.06,1.222392421336448,ros_time,1,1,0,0,1,8.224,8.47,0.246,26.778098972,0.3163032599459914,0.1486372107656187,0,0,27,1.0,6.09652274074074,7.910457,21.785714285714285,44.0,0.09148471284935536,3,0.0073740175220836195,-0.006928644213040222,-0.0025238906048203626,0.0697055780532637,-0.14869115783764525,0.43381238326190147,-0.14836976288152612,0.4267224404809428,-0.0766136484054517,0.39910168413249686,-0.08395121623091634,0.3998339633297314,-0.08395125738455084,0.3992227393272043,-0.08395121623091634,0.3998339633297314,2026-07-24T20:53:49
11,1,short_multidirectional_EMG_robot_v3,heldout_replay_autopilot,1,1,StaticP1,1,2,2,FORMAL_A080_W060,4,7,2,5,f0b41c7cddf1b14a1c66526f9b9065d26548ee59bbb2bf69e30f3346dd6587f4,03d669add0cfaee7205b0c92494d859fcbc2d9f6631b99408b12f6ce64fa329c,1,0,"[""S01_StaticP1_seg0002"", ""S01_StaticP1_seg0005""]","[""data/limb/subject01/StaticP1/subject1_limb_EMG.mat""]","{""S01_StaticP1_seg0005"": [63896, 64840], ""S01_StaticP1_seg0002"": [18235, 28881]}","[186, 187, 188]",0,0.08,0.08000000000000002,0.07266249185796411,0.06,1.222392421336448,ros_time,1,1,0,0,1,8.972,9.218,0.246,29.528570988,0.312172234943102,0.13624525427289882,6,6,34,0.8235294117647058,6.359933411764706,9.141985,24.470588235294116,58.0,0.09844219322128393,10,0.0064780504206035806,-0.0021038843404847796,-0.006126892192110545,0.07055850667887878,-0.0766136484054517,0.39910168413249686,-0.08395125738608816,0.39922273931749164,-0.15661364840545172,0.39910168413249686,-0.15450976406496694,0.4052285763246074,-0.15503569964634412,0.40522842475510285,-0.15450976406496694,0.4052285763246074,2026-07-24T20:54:18
12,1,short_multidirectional_EMG_robot_v3,heldout_replay_autopilot,1,1,StaticP1,1,2,2,FORMAL_A080_W060,5,7,5,1,f0b41c7cddf1b14a1c66526f9b9065d26548ee59bbb2bf69e30f3346dd6587f4,03d669add0cfaee7205b0c92494d859fcbc2d9f6631b99408b12f6ce64fa329c,1,0,"[""S01_StaticP1_seg0001"", ""S01_StaticP1_seg0003"", ""S01_StaticP1_seg0005""]","[""data/limb/subject01/StaticP1/subject1_limb_EMG.mat""]","{""S01_StaticP1_seg0005"": [63979, 65533], ""S01_StaticP1_seg0001"": [1615, 8321], ""S01_StaticP1_seg0003"": [33983, 35607]}","[188, 189, 190, 191, 192, 193, 194]",0,0.08,0.07999999999999999,0.07607385056310474,0.06,1.222392421336448,ros_time,1,1,0,0,1,8.282,8.54,0.258,27.62994258,0.30908497096123894,0.14759628366776723,0,0,26,1.0,5.910539192307693,8.339887000000001,24.444444444444443,48.0,0.09151362606577851,3,0.008152531295987276,-0.007314145335537714,0.003600978275786158,0.06860587883113649,-0.15661364840545172,0.39910168413249686,-0.15503569964596636,0.40522842474575593,-0.08453613897325818,0.43381238326190147,-0.09268836213467055,0.4338832638557454,-0.09268840673393591,0.4348017853639544,-0.09268836213467055,0.4338832638557454,2026-07-24T20:54:45
13,1,short_multidirectional_EMG_robot_v3,heldout_replay_autopilot,1,1,StaticP1,1,2,2,FORMAL_A080_W060,6,7,1,4,f0b41c7cddf1b14a1c66526f9b9065d26548ee59bbb2bf69e30f3346dd6587f4,03d669add0cfaee7205b0c92494d859fcbc2d9f6631b99408b12f6ce64fa329c,1,0,"[""S01_StaticP1_seg0002"", ""S01_StaticP1_seg0004"", ""S01_StaticP1_seg0005""]","[""data/limb/subject01/StaticP1/subject1_limb_EMG.mat""]","{""S01_StaticP1_seg0005"": [64109, 65616], ""S01_StaticP1_seg0004"": [46940, 50673], ""S01_StaticP1_seg0002"": [16684, 21742]}","[194, 195, 196, 197, 198, 199, 200, 201, 202, 203]",0,0.08,0.07999999999999999,0.07601281976740501,0.06,1.222392421336448,ros_time,1,1,0,0,1,12.826,13.072,0.246,41.588757388,0.31431571465445585,0.09530581797415001,7,7,40,0.825,6.1497676,8.540593,25.5609756097561,44.0,0.14424898371277386,13,0.008586083296565822,-0.004864027362449787,0.0070754550520024054,0.07082666253023714,-0.08453613897325818,0.43381238326190147,-0.0926884067352115,0.4348017853538263,-0.13441532312195686,0.3712658646644591,-0.12585083815306464,0.3706572403195749,-0.12585084396185314,0.36996601890761627,-0.12585083815306464,0.3706572403195749,2026-07-24T20:55:26
14,1,short_multidirectional_EMG_robot_v3,heldout_replay_autopilot,1,1,StaticP1,1,2,2,FORMAL_A080_W060,7,7,4,0,f0b41c7cddf1b14a1c66526f9b9065d26548ee59bbb2bf69e30f3346dd6587f4,03d669add0cfaee7205b0c92494d859fcbc2d9f6631b99408b12f6ce64fa329c,1,0,"[""S01_StaticP1_seg0001"", ""S01_StaticP1_seg0003"", ""S01_StaticP1_seg0005""]","[""data/limb/subject01/StaticP1/subject1_limb_EMG.mat""]","{""S01_StaticP1_seg0005"": [62112, 65746], ""S01_StaticP1_seg0003"": [33012, 41390], ""S01_StaticP1_seg0001"": [3100, 4170]}","[203, 204, 205, 206]",0,0.08,0.08,0.07983029941805692,0.06,1.222392421336448,ros_time,1,1,0,0,1,8.076,8.32,0.244,29.442639009,0.2825833648083227,0.1513611220079802,2,2,29,0.9310344827586207,7.460189344827587,15.923368,23.655172413793103,50.0,0.08728640370156325,3,0.005896945898295124,-0.005844683876573023,0.000783352609204191,0.0735167961414408,-0.13441532312195686,0.3712658646644591,-0.125850843962241,0.3699660188977632,-0.11661364840545171,0.449260097639005,-0.11867792524413978,0.4437362645440721,-0.1176786306573136,0.44373597749016447,-0.11867792524413978,0.4437362645440721,2026-07-24T20:55:55
15,1,short_multidirectional_EMG_robot_v3,heldout_replay_autopilot,1,1,StaticP1,1,3,3,FORMAL_A180_W025,1,7,0,3,f0b41c7cddf1b14a1c66526f9b9065d26548ee59bbb2bf69e30f3346dd6587f4,03d669add0cfaee7205b0c92494d859fcbc2d9f6631b99408b12f6ce64fa329c,1,0,"[""S01_StaticP1_seg0001"", ""S01_StaticP1_seg0004"", ""S01_StaticP1_seg0005""]","[""data/limb/subject01/StaticP1/subject1_limb_EMG.mat""]","{""S01_StaticP1_seg0005"": [63167, 65072], ""S01_StaticP1_seg0004"": [47130, 60469], ""S01_StaticP1_seg0001"": [1723, 4905]}","[206, 207, 208, 209, 210, 211, 212, 213, 214]",1,0.18,0.18000000000000002,0.1748660640994807,0.025,3.035623909730721,ros_time,1,1,0,0,1,17.54,17.79,0.25,71.17169869,0.24995890680489813,0.17306863795500121,0,0,60,1.0,8.766317533333334,13.555416000000001,25.533333333333335,46.0,0.20320968398208467,5,0.006466787079539499,-0.0064449490314193,-0.000531005757507793,0.16840641286505745,-0.11661364840545171,0.449260097639005,-0.1176786306589099,0.4437359774636404,-0.07655988029331512,0.2737730734462767,-0.07851170870561099,0.2799382742524998,-0.07761059643714417,0.27993787109505486,-0.07851170870561099,0.2799382742524998,2026-07-24T20:57:07
16,1,short_multidirectional_EMG_robot_v3,heldout_replay_autopilot,1,1,StaticP1,1,3,3,FORMAL_A180_W025,2,7,3,6,f0b41c7cddf1b14a1c66526f9b9065d26548ee59bbb2bf69e30f3346dd6587f4,03d669add0cfaee7205b0c92494d859fcbc2d9f6631b99408b12f6ce64fa329c,1,0,"[""S01_StaticP1_seg0002"", ""S01_StaticP1_seg0003"", ""S01_StaticP1_seg0005""]","[""data/limb/subject01/StaticP1/subject1_limb_EMG.mat""]","{""S01_StaticP1_seg0005"": [64742, 64804], ""S01_StaticP1_seg0003"": [32821, 37528], ""S01_StaticP1_seg0002"": [19151, 21103]}","[214, 215, 216, 217]",0,0.18,0.18000000000000002,0.17455122173724816,0.025,3.035623909730721,ros_time,1,0,1,0,0,5.396,5.644,0.248,22.529235785,0.2505189281101929,0.5625692938715199,4,4,19,0.7894736842105263,8.502255263157894,15.41054,23.5,40.0,0.057028637146958286,5,0.13747637040932764,-0.1368867380862409,-0.012719015568491893,0.03763831823492379,-0.07655988029331512,0.2737730734462767,-0.07761059643953137,0.2799378710850291,-0.18878804462788717,0.4145027402905221,-0.09349643262396051,0.3154105554189806,-0.093496501138631,0.3162082613118813,-0.09349643262396051,0.3154105554189806,2026-07-24T20:57:29
17,1,short_multidirectional_EMG_robot_v3,heldout_replay_autopilot,1,1,StaticP1,1,3,3,FORMAL_A180_W025,3,7,6,2,f0b41c7cddf1b14a1c66526f9b9065d26548ee59bbb2bf69e30f3346dd6587f4,03d669add0cfaee7205b0c92494d859fcbc2d9f6631b99408b12f6ce64fa329c,1,0,"[""S01_StaticP1_seg0001"", ""S01_StaticP1_seg0003"", ""S01_StaticP1_seg0005""]","[""data/limb/subject01/StaticP1/subject1_limb_EMG.mat""]","{""S01_StaticP1_seg0005"": [64586, 64648], ""S01_StaticP1_seg0001"": [2085, 7691], ""S01_StaticP1_seg0003"": [32800, 34059]}","[218, 219, 220]",0,0.18,0.18000000000000002,0.06986537347876695,0.025,3.035623909730721,ros_time,1,0,1,0,0,5.224,5.468,0.244,18.221247545,0.30008922201929283,0.5810918663343647,2,2,20,0.9,7.07697845,9.363482,24.2,40.0,0.05604853930669903,1,0.022412805755487746,-0.0045681758370984295,-0.02194232511277177,0.04692873402786884,-0.18878804462788717,0.4145027402905221,-0.09349650114020494,0.316208261301748,-0.026613648405451718,0.3364036672493616,-0.04024985068264399,0.31861637264650755,-0.04024993564066208,0.31902336732146325,-0.04024985068264399,0.31861637264650755,2026-07-24T20:57:47
18,1,short_multidirectional_EMG_robot_v3,heldout_replay_autopilot,1,1,StaticP1,1,3,3,FORMAL_A180_W025,4,7,2,5,f0b41c7cddf1b14a1c66526f9b9065d26548ee59bbb2bf69e30f3346dd6587f4,03d669add0cfaee7205b0c92494d859fcbc2d9f6631b99408b12f6ce64fa329c,1,0,"[""S01_StaticP1_seg0002"", ""S01_StaticP1_seg0003"", ""S01_StaticP1_seg0005""]","[""data/limb/subject01/StaticP1/subject1_limb_EMG.mat""]","{""S01_StaticP1_seg0005"": [63163, 64400], ""S01_StaticP1_seg0002"": [18067, 30208], ""S01_StaticP1_seg0003"": [33912, 34037]}","[221, 222, 223, 224, 225]",1,0.18,0.18,0.16726912371885902,0.025,3.035623909730721,ros_time,1,1,0,0,1,18.822,19.07,0.248,61.243944089,0.31137772531905167,0.1612806242551653,10,10,74,0.8648648648648649,6.544427513513514,8.664857,31.513513513513512,50.0,0.21399362866069008,17,0.008054349951956726,0.00038389654480436297,0.008045195870298782,0.1667476093062098,-0.026613648405451718,0.3364036672493616,-0.04024993564404626,0.3190233673119167,-0.2066136484054517,0.3364036672493616,-0.20699754495025607,0.3283584713790628,-0.2073675638884226,0.3283583340663053,-0.20699754495025607,0.3283584713790628,2026-07-24T20:58:46
19,1,short_multidirectional_EMG_robot_v3,heldout_replay_autopilot,1,1,StaticP1,1,3,3,FORMAL_A180_W025,5,7,5,1,f0b41c7cddf1b14a1c66526f9b9065d26548ee59bbb2bf69e30f3346dd6587f4,03d669add0cfaee7205b0c92494d859fcbc2d9f6631b99408b12f6ce64fa329c,1,0,"[""S01_StaticP1_seg0001"", ""S01_StaticP1_seg0003"", ""S01_StaticP1_seg0005""]","[""data/limb/subject01/StaticP1/subject1_limb_EMG.mat""]","{""S01_StaticP1_seg0005"": [63274, 65093], ""S01_StaticP1_seg0001"": [1626, 12104], ""S01_StaticP1_seg0003"": [32658, 35738]}","[225, 226, 227, 228, 229, 230, 231, 232, 233, 234, 235, 236, 237, 238, 239]",0,0.18,0.18000000000000002,0.18430000944077318,0.025,3.035623909730721,ros_time,1,1,0,0,1,22.124,22.37,0.246,71.129055744,0.31449876236951163,0.13720954211402644,4,4,69,0.9420289855072463,6.622097942028986,8.762856,25.314285714285713,50.0,0.24042211464763666,12,0.006777501595864904,-0.003963346407245312,-0.005497855321680175,0.18020664721812701,-0.2066136484054517,0.3364036672493616,-0.20736756388626526,0.32835833405658243,-0.04443925218301627,0.4145027402905221,-0.045624673884559236,0.4078297122468629,-0.045173286746179125,0.40782956158439637,-0.045624673884559236,0.4078297122468629,2026-07-24T20:59:55
20,1,short_multidirectional_EMG_robot_v3,heldout_replay_autopilot,1,1,StaticP1,1,3,3,FORMAL_A180_W025,6,7,1,4,f0b41c7cddf1b14a1c66526f9b9065d26548ee59bbb2bf69e30f3346dd6587f4,03d669add0cfaee7205b0c92494d859fcbc2d9f6631b99408b12f6ce64fa329c,1,0,"[""S01_StaticP1_seg0002"", ""S01_StaticP1_seg0004"", ""S01_StaticP1_seg0005""]","[""data/limb/subject01/StaticP1/subject1_limb_EMG.mat""]","{""S01_StaticP1_seg0005"": [64347, 65291], ""S01_StaticP1_seg0004"": [47040, 51019], ""S01_StaticP1_seg0002"": [16673, 19446]}","[239, 240, 241, 242, 243, 244, 245, 246, 247, 248, 249, 250, 251, 252, 253, 254, 255, 256, 257]",0,0.18,0.18000000000000002,0.1743619310005807,0.025,3.035623909730721,ros_time,1,1,0,0,1,20.572,20.824,0.252,60.753264371,0.34276347477947444,0.1475609522521253,0,1,58,1.0,5.855338879310344,8.817989,22.93103448275862,46.0,0.23667973259211308,16,0.006140210387879395,-0.005223263159869009,0.0032279568724159326,0.1691017725660619,-0.04443925218301627,0.4145027402905221,-0.04517328674876317,0.40782956157476546,-0.1566674165175883,0.2737730734462767,-0.15088704689808174,0.2758441868350866,-0.15088700302891844,0.2749942516330029,-0.15088704689808174,0.2758441868350866,2026-07-24T21:00:55
21,1,short_multidirectional_EMG_robot_v3,heldout_replay_autopilot,1,1,StaticP1,1,3,3,FORMAL_A180_W025,7,7,4,0,f0b41c7cddf1b14a1c66526f9b9065d26548ee59bbb2bf69e30f3346dd6587f4,03d669add0cfaee7205b0c92494d859fcbc2d9f6631b99408b12f6ce64fa329c,1,0,"[""S01_StaticP1_seg0001"", ""S01_StaticP1_seg0003"", ""S01_StaticP1_seg0005""]","[""data/limb/subject01/StaticP1/subject1_limb_EMG.mat""]","{""S01_StaticP1_seg0005"": [64168, 65984], ""S01_StaticP1_seg0003"": [31838, 45350], ""S01_StaticP1_seg0001"": [2523, 5017]}","[257, 258, 259, 260, 261, 262, 263, 264, 265, 266, 267]",1,0.18,0.18000000000000002,0.17760418892726823,0.025,3.035623909730721,ros_time,1,1,0,0,1,20.79,21.038,0.248,66.883516831,0.3145468569357443,0.14601365607170377,8,8,71,0.8873239436619719,6.25948323943662,7.640452,24.61111111111111,44.0,0.2307784491660429,14,0.009636392874462614,0.0002756866931467195,0.009632448519364933,0.17779886299388487,-0.1566674165175883,0.2737730734462767,-0.1508870030284135,0.27499425162378177,-0.11661364840545171,0.449260097639005,-0.12594324526919673,0.45167229373198603,-0.12594324926356715,0.4523088162145984,-0.12594324526919673,0.45167229373198603,2026-07-24T21:02:02
22,1,short_multidirectional_EMG_robot_v3,heldout_replay_autopilot,1,1,StaticP1,1,4,4,FORMAL_A280_W025,1,7,0,3,f0b41c7cddf1b14a1c66526f9b9065d26548ee59bbb2bf69e30f3346dd6587f4,03d669add0cfaee7205b0c92494d859fcbc2d9f6631b99408b12f6ce64fa329c,1,0,"[""S01_StaticP1_seg0001"", ""S01_StaticP1_seg0004"", ""S01_StaticP1_seg0005""]","[""data/limb/subject01/StaticP1/subject1_limb_EMG.mat""]","{""S01_StaticP1_seg0005"": [63274, 67065], ""S01_StaticP1_seg0004"": [47582, 60463], ""S01_StaticP1_seg0001"": [2295, 4417]}","[267, 268, 269, 270, 271, 272, 273, 274, 275, 276, 277, 278, 279, 280]",1,0.28,0.27999999999999997,0.28517256359699417,0.025,3.608809242675524,ros_time,1,1,0,0,1,29.076,29.326,0.25,95.197140205,0.30805547243172043,0.12411642738600646,0,0,99,1.0,6.362342303030303,9.049645,24.92,46.0,0.34009638175385914,10,0.00517464483286205,-0.003225394563593588,-0.004046452650829717,0.2818229177426571,-0.1166136484054517,0.449260097639005,-0.12594324926462008,0.45230881618782276,-0.05430778689768367,0.1762802822280944,-0.058970504342968154,0.17852438899286865,-0.058970737789142184,0.17820951739343974,-0.058970504342968154,0.17852438899286865,2026-07-24T21:03:38
23,1,short_multidirectional_EMG_robot_v3,heldout_replay_autopilot,1,1,StaticP1,1,4,4,FORMAL_A280_W025,2,7,3,6,f0b41c7cddf1b14a1c66526f9b9065d26548ee59bbb2bf69e30f3346dd6587f4,03d669add0cfaee7205b0c92494d859fcbc2d9f6631b99408b12f6ce64fa329c,1,0,"[""S01_StaticP1_seg0002"", ""S01_StaticP1_seg0003"", ""S01_StaticP1_seg0005""]","[""data/limb/subject01/StaticP1/subject1_limb_EMG.mat""]","{""S01_StaticP1_seg0005"": [64849, 64911], ""S01_StaticP1_seg0003"": [32487, 40210], ""S01_StaticP1_seg0002"": [17487, 21605]}","[280, 281, 282, 283, 284, 285, 286, 287, 288, 289]",0,0.28,0.28,0.2755951871063431,0.025,3.608809242675524,ros_time,1,0,1,0,0,15.716,15.958,0.242,65.330449949,0.24426588233293298,0.2296264471033039,6,6,50,0.88,8.32024124,15.663556999999999,29.72,54.0,0.17972644933361834,14,0.15431106692946148,-0.15343405246630706,-0.016428539821763427,0.12215030842089297,-0.05430778689768367,0.1762802822280944,-0.05897073779367745,0.1782095173847785,-0.2288849314181291,0.3951930973191427,-0.12037601480389439,0.285476551656632,-0.1203760427829825,0.2865190036433535,-0.12037601480389439,0.285476551656632,2026-07-24T21:04:41
24,1,short_multidirectional_EMG_robot_v3,heldout_replay_autopilot,1,1,StaticP1,1,4,4,FORMAL_A280_W025,3,7,6,2,f0b41c7cddf1b14a1c66526f9b9065d26548ee59bbb2bf69e30f3346dd6587f4,03d669add0cfaee7205b0c92494d859fcbc2d9f6631b99408b12f6ce64fa329c,1,0,"[""S01_StaticP1_seg0001"", ""S01_StaticP1_seg0004"", ""S01_StaticP1_seg0005""]","[""data/limb/subject01/StaticP1/subject1_limb_EMG.mat""]","{""S01_StaticP1_seg0005"": [62375, 63782], ""S01_StaticP1_seg0001"": [3209, 15115], ""S01_StaticP1_seg0004"": [47729, 48988]}","[290, 291, 292, 293, 294]",1,0.28,0.28,0.14433228349640442,0.025,3.608809242675524,ros_time,1,1,0,0,1,13.186,13.438,0.252,41.802016201,0.32146774776089704,0.27368491147243473,0,2,51,1.0,6.127451941176471,7.975356,30.235294117647058,50.0,0.14978750322843803,1,0.005663688508782473,-0.005539417955258155,-0.0011799221336504342,0.1295455293806227,-0.2288849314181291,0.3951930973191427,-0.12037604278362926,0.28651900363302585,0.0233863515945483,0.27370565036622646,0.017883559443345208,0.27504604063222077,0.01788345165407324,0.27482497648441456,0.017883559443345208,0.27504604063222077,2026-07-24T21:05:24
25,1,short_multidirectional_EMG_robot_v3,heldout_replay_autopilot,1,1,StaticP1,1,4,4,FORMAL_A280_W025,4,7,2,5,f0b41c7cddf1b14a1c66526f9b9065d26548ee59bbb2bf69e30f3346dd6587f4,03d669add0cfaee7205b0c92494d859fcbc2d9f6631b99408b12f6ce64fa329c,1,0,"[""S01_StaticP1_seg0002"", ""S01_StaticP1_seg0004"", ""S01_StaticP1_seg0005""]","[""data/limb/subject01/StaticP1/subject1_limb_EMG.mat""]","{""S01_StaticP1_seg0005"": [62095, 64075], ""S01_StaticP1_seg0002"": [17269, 30220], ""S01_StaticP1_seg0004"": [48539, 50860]}","[294, 295, 296, 297, 298, 299, 300, 301, 302]",2,0.28,0.28,0.274499382201083,0.025,3.608809242675524,ros_time,1,1,0,0,1,34.674,34.926,0.252,108.992023313,0.3204454687449977,0.10407825006274223,21,21,131,0.8396946564885497,6.086367122137404,8.897390999999999,25.603053435114504,48.0,0.4012309586595705,34,0.005065335221674851,-0.003922901227149056,-0.0032044448614342302,0.27057419882645084,0.0233863515945483,0.27370565036622646,0.01788345164814812,0.2748249764760838,-0.25661364840545176,0.27370565036622646,-0.2526907471783027,0.2769100952276607,-0.253496708728895,0.2769097711445157,-0.2526907471783027,0.2769100952276607,2026-07-24T21:07:06
26,1,short_multidirectional_EMG_robot_v3,heldout_replay_autopilot,1,1,StaticP1,1,4,4,FORMAL_A280_W025,5,7,5,1,f0b41c7cddf1b14a1c66526f9b9065d26548ee59bbb2bf69e30f3346dd6587f4,03d669add0cfaee7205b0c92494d859fcbc2d9f6631b99408b12f6ce64fa329c,1,0,"[""S01_StaticP1_seg0001"", ""S01_StaticP1_seg0003"", ""S01_StaticP1_seg0005""]","[""data/limb/subject01/StaticP1/subject1_limb_EMG.mat""]","{""S01_StaticP1_seg0005"": [62741, 63748], ""S01_StaticP1_seg0001"": [1534, 15089], ""S01_StaticP1_seg0003"": [31800, 35824]}","[302, 303, 304, 305, 306, 307, 308, 309, 310, 311, 312, 313, 314, 315, 316, 317, 318, 319, 320, 321, 322]",1,0.28,0.2800000000000001,0.2758057868399855,0.025,3.608809242675524,ros_time,1,1,0,0,1,31.196,31.438,0.242,121.984588251,0.25772108141490796,0.11568179390548544,2,3,98,0.9795918367346939,8.731132724489797,15.346587000000001,28.142857142857142,48.0,0.3588609931659714,16,0.007877102194633641,-0.0031500485747201503,-0.007219829150444329,0.2726514699101888,-0.25661364840545176,0.27370565036622646,-0.2534967087250119,0.27690977113533516,-0.0043423653927743555,0.39519309731914276,-0.00404789462339287,0.38732150116901654,-0.0033099756216207555,0.38732125975362736,-0.00404789462339287,0.38732150116901654,2026-07-24T21:09:01
27,1,short_multidirectional_EMG_robot_v3,heldout_replay_autopilot,1,1,StaticP1,1,4,4,FORMAL_A280_W025,6,7,1,4,f0b41c7cddf1b14a1c66526f9b9065d26548ee59bbb2bf69e30f3346dd6587f4,03d669add0cfaee7205b0c92494d859fcbc2d9f6631b99408b12f6ce64fa329c,1,0,"[""S01_StaticP1_seg0002"", ""S01_StaticP1_seg0004"", ""S01_StaticP1_seg0005""]","[""data/limb/subject01/StaticP1/subject1_limb_EMG.mat""]","{""S01_StaticP1_seg0005"": [64379, 64441], ""S01_StaticP1_seg0004"": [46978, 51703], ""S01_StaticP1_seg0002"": [16680, 21798]}","[322, 323, 324, 325, 326, 327, 328, 329, 330, 331, 332, 333, 334, 335, 336, 337, 338, 339, 340, 341, 342, 343, 344, 345]",0,0.28,0.28,0.2745487255912832,0.025,3.608809242675524,ros_time,0,0,0,1,0,35.0,35.0,0.0,124.224948887,0.2817469462743543,0.10310883550501497,13,13,103,0.8737864077669903,7.537316446601941,11.357903,23.980582524271846,52.0,0.40612215860607115,31,0.03699477351139643,-0.03699066348779266,-0.000551436208823447,0.23749857056285506,-0.0043423653927743555,0.39519309731914276,-0.003309975625456909,0.387321259744388,-0.17891950991321975,0.1762802822280944,,,-0.1562873386532238,0.2055445623528084,-0.1562873386532238,0.2055445623528084,2026-07-24T21:10:58
28,1,short_multidirectional_EMG_robot_v3,heldout_replay_autopilot,1,1,StaticP1,1,4,4,FORMAL_A280_W025,7,7,4,0,f0b41c7cddf1b14a1c66526f9b9065d26548ee59bbb2bf69e30f3346dd6587f4,03d669add0cfaee7205b0c92494d859fcbc2d9f6631b99408b12f6ce64fa329c,1,0,"[""S01_StaticP1_seg0001"", ""S01_StaticP1_seg0003"", ""S01_StaticP1_seg0005""]","[""data/limb/subject01/StaticP1/subject1_limb_EMG.mat""]","{""S01_StaticP1_seg0005"": [64452, 65396], ""S01_StaticP1_seg0003"": [31929, 45308], ""S01_StaticP1_seg0001"": [1655, 4698]}","[346, 347, 348, 349, 350, 351, 352, 353, 354, 355, 356]",1,0.28,0.27999999999999997,0.2524717295786618,0.025,3.608809242675524,ros_time,1,1,0,0,1,26.672,26.922,0.25,92.990068406,0.2895147886380403,0.13530328594314353,5,5,96,0.9479166666666666,7.143328104166667,9.355177000000001,32.354166666666664,50.0,0.30465843826660155,15,0.005900160152819016,-0.005800061495966787,0.001082209070335684,0.2461547134758328,-0.17891950991321975,0.1762802822280944,-0.1569354918400169,0.20002903380770937,-0.1166136484054517,0.449260097639005,-0.11895935933602489,0.443846269967283,-0.1183648936100744,0.4438460920938263,-0.11895935933602489,0.443846269967283,2026-07-24T21:12:27
29,1,short_multidirectional_EMG_robot_v3,heldout_replay_autopilot,1,1,StaticP1,1,5,5,FORMAL_A080_W025,1,7,0,3,f0b41c7cddf1b14a1c66526f9b9065d26548ee59bbb2bf69e30f3346dd6587f4,03d669add0cfaee7205b0c92494d859fcbc2d9f6631b99408b12f6ce64fa329c,1,0,"[""S01_StaticP1_seg0001"", ""S01_StaticP1_seg0004"", ""S01_StaticP1_seg0005""]","[""data/limb/subject01/StaticP1/subject1_limb_EMG.mat""]","{""S01_StaticP1_seg0005"": [62043, 67349], ""S01_StaticP1_seg0004"": [47017, 53379], ""S01_StaticP1_seg0001"": [2424, 3935]}","[356, 357, 358, 359, 360]",0,0.08,0.08,0.07516785275093638,0.025,2.0703893278913976,ros_time,1,1,0,0,1,7.642,7.892,0.25,28.688366162,0.2750940905952872,0.2709224454189214,0,0,26,1.0,7.0288573076923075,10.328842,25.846153846153847,44.0,0.08462120512660165,2,0.006210586811891653,-0.003399525375599158,-0.00519755863542682,0.07171189819359566,-0.11661364840545171,0.449260097639005,-0.11836489361169103,0.4438460920661502,-0.09881197368894656,0.3712658646644591,-0.10463568423941236,0.37342359123945323,-0.10463571012971659,0.37281487371799116,-0.10463568423941236,0.37342359123945323,2026-07-24T21:12:58
30,1,short_multidirectional_EMG_robot_v3,heldout_replay_autopilot,1,1,StaticP1,1,5,5,FORMAL_A080_W025,2,7,3,6,f0b41c7cddf1b14a1c66526f9b9065d26548ee59bbb2bf69e30f3346dd6587f4,03d669add0cfaee7205b0c92494d859fcbc2d9f6631b99408b12f6ce64fa329c,1,0,"[""S01_StaticP1_seg0002"", ""S01_StaticP1_seg0003"", ""S01_StaticP1_seg0005""]","[""data/limb/subject01/StaticP1/subject1_limb_EMG.mat""]","{""S01_StaticP1_seg0005"": [63618, 63680], ""S01_StaticP1_seg0003"": [32477, 36062], ""S01_StaticP1_seg0002"": [17267, 19306]}","[360, 361, 362, 363, 364, 365]",0,0.08,0.07999999999999999,0.07524346246901777,0.025,2.0703893278913976,ros_time,1,0,1,0,0,6.338,6.59,0.252,23.468365949,0.2808035299228323,0.32666287912454994,2,2,19,0.8947368421052632,7.436102263157895,11.939601,21.789473684210527,44.0,0.06845054976432556,4,0.026025563782126795,-0.02594285626979772,-0.002073204944564609,0.04921503941247833,-0.09881197368894656,0.3712658646644591,-0.10463571013064843,0.3728148737089488,-0.14869115783764525,0.43381238326190147,-0.13089515462707046,0.41482206362512963,-0.13089515459271073,0.41534093996330224,-0.13089515462707046,0.41482206362512963,2026-07-24T21:13:24
31,1,short_multidirectional_EMG_robot_v3,heldout_replay_autopilot,1,1,StaticP1,1,5,5,FORMAL_A080_W025,3,7,6,2,f0b41c7cddf1b14a1c66526f9b9065d26548ee59bbb2bf69e30f3346dd6587f4,03d669add0cfaee7205b0c92494d859fcbc2d9f6631b99408b12f6ce64fa329c,1,0,"[""S01_StaticP1_seg0001"", ""S01_StaticP1_seg0004"", ""S01_StaticP1_seg0005""]","[""data/limb/subject01/StaticP1/subject1_limb_EMG.mat""]","{""S01_StaticP1_seg0005"": [62769, 63713], ""S01_StaticP1_seg0001"": [1676, 8151], ""S01_StaticP1_seg0004"": [49269, 50654]}","[366, 367, 368, 369, 370]",0,0.08,0.07999999999999999,0.05665858578906199,0.025,2.0703893278913976,ros_time,1,1,0,0,1,5.994,6.232,0.238,21.872951608,0.28491810852453286,0.3454102982801798,0,0,20,1.0,7.40543085,10.376759,52.5,52.0,0.06429882089406196,2,0.004253341456551434,-0.003899053269818171,0.0016994990865367673,0.052052842944248445,-0.14869115783764525,0.43381238326190147,-0.13089515459295048,0.41534093995390164,-0.0766136484054517,0.39910168413249686,-0.07938918899755756,0.40232461571222233,-0.0792592728447769,0.4023245743691056,-0.07938918899755756,0.40232461571222233,2026-07-24T21:13:45
32,1,short_multidirectional_EMG_robot_v3,heldout_replay_autopilot,1,1,StaticP1,1,5,5,FORMAL_A080_W025,4,7,2,5,f0b41c7cddf1b14a1c66526f9b9065d26548ee59bbb2bf69e30f3346dd6587f4,03d669add0cfaee7205b0c92494d859fcbc2d9f6631b99408b12f6ce64fa329c,1,0,"[""S01_StaticP1_seg0002"", ""S01_StaticP1_seg0005""]","[""data/limb/subject01/StaticP1/subject1_limb_EMG.mat""]","{""S01_StaticP1_seg0005"": [62409, 64406], ""S01_StaticP1_seg0002"": [17591, 27733]}","[370, 371, 372]",0,0.08,0.08000000000000002,0.07742148564543357,0.025,2.0703893278913976,ros_time,1,1,0,0,1,8.63,8.874,0.244,31.537003569,0.2813837395992464,0.23990606348683632,4,4,33,0.8787878787878788,7.5100964545454545,11.805677,29.333333333333332,48.0,0.09466086860335061,6,0.006022637279766636,-0.0013191706283886273,-0.005876389083172728,0.07603520493065927,-0.0766136484054517,0.39910168413249686,-0.07925927284640383,0.4023245743595833,-0.15661364840545172,0.39910168413249686,-0.1552944777770631,0.4049780732156696,-0.1556053784715558,0.404977967971036,-0.1552944777770631,0.4049780732156696,2026-07-24T21:14:16
33,1,short_multidirectional_EMG_robot_v3,heldout_replay_autopilot,1,1,StaticP1,1,5,5,FORMAL_A080_W025,5,7,5,1,f0b41c7cddf1b14a1c66526f9b9065d26548ee59bbb2bf69e30f3346dd6587f4,03d669add0cfaee7205b0c92494d859fcbc2d9f6631b99408b12f6ce64fa329c,1,0,"[""S01_StaticP1_seg0001"", ""S01_StaticP1_seg0003"", ""S01_StaticP1_seg0005""]","[""data/limb/subject01/StaticP1/subject1_limb_EMG.mat""]","{""S01_StaticP1_seg0005"": [64047, 65286], ""S01_StaticP1_seg0001"": [1749, 7489], ""S01_StaticP1_seg0003"": [32910, 35091]}","[372, 373, 374, 375, 376, 377, 378]",0,0.08,0.07999999999999999,0.07669589499139041,0.025,2.0703893278913976,ros_time,1,1,0,0,1,8.774,9.028,0.254,37.134748299,0.24311461403504692,0.2359686947676542,2,2,28,0.9285714285714286,9.577921678571428,16.349887,29.285714285714285,52.0,0.09281739650451175,3,0.008454298460644098,-0.007166729387871414,0.0044847689285702754,0.06937522679107896,-0.15661364840545172,0.39910168413249686,-0.1556053784711521,0.40497796796140717,-0.08453613897325818,0.43381238326190147,-0.092939007348218,0.43474349310222604,-0.0929390357790916,0.4352844399512086,-0.092939007348218,0.43474349310222604,2026-07-24T21:14:54
34,1,short_multidirectional_EMG_robot_v3,heldout_replay_autopilot,1,1,StaticP1,1,5,5,FORMAL_A080_W025,6,7,1,4,f0b41c7cddf1b14a1c66526f9b9065d26548ee59bbb2bf69e30f3346dd6587f4,03d669add0cfaee7205b0c92494d859fcbc2d9f6631b99408b12f6ce64fa329c,1,0,"[""S01_StaticP1_seg0002"", ""S01_StaticP1_seg0004"", ""S01_StaticP1_seg0005""]","[""data/limb/subject01/StaticP1/subject1_limb_EMG.mat""]","{""S01_StaticP1_seg0005"": [64411, 65979], ""S01_StaticP1_seg0004"": [47467, 51558], ""S01_StaticP1_seg0002"": [17415, 21530]}","[378, 379, 380, 381, 382, 383, 384, 385, 386]",0,0.08,0.07999999999999999,0.0762801441550889,0.025,2.0703893278913976,ros_time,1,1,0,0,1,9.692,9.936,0.244,38.179305207,0.2602456997614058,0.21361837885796509,2,2,29,0.9310344827586207,8.009417206896552,10.325351999999999,26.620689655172413,48.0,0.10857915839303764,6,0.007830108353563153,-0.0062074984505127995,-0.004772584186310459,0.06970428134137628,-0.08453613897325818,0.43381238326190147,-0.09293903578015075,0.43528443994274124,-0.13441532312195686,0.3712658646644591,-0.13427636771259482,0.37909473994911835,-0.1349289101454192,0.3790945229879744,-0.13427636771259482,0.37909473994911835,2026-07-24T21:15:29
35,1,short_multidirectional_EMG_robot_v3,heldout_replay_autopilot,1,1,StaticP1,1,5,5,FORMAL_A080_W025,7,7,4,0,f0b41c7cddf1b14a1c66526f9b9065d26548ee59bbb2bf69e30f3346dd6587f4,03d669add0cfaee7205b0c92494d859fcbc2d9f6631b99408b12f6ce64fa329c,1,0,"[""S01_StaticP1_seg0001"", ""S01_StaticP1_seg0003"", ""S01_StaticP1_seg0005""]","[""data/limb/subject01/StaticP1/subject1_limb_EMG.mat""]","{""S01_StaticP1_seg0005"": [63559, 66048], ""S01_StaticP1_seg0003"": [33974, 40147], ""S01_StaticP1_seg0001"": [1810, 3258]}","[386, 387, 388, 389, 390, 391]",0,0.08,0.08,0.07251659589426274,0.025,2.0703893278913976,ros_time,1,1,0,0,1,7.778,8.018,0.24,30.770277687,0.260576133941992,0.2661853082915142,1,1,26,0.9615384615384616,8.40242823076923,10.81852,29.076923076923077,44.0,0.08620618624122932,4,0.0073092006659831775,-0.0025758424732672657,0.006840281421734145,0.06990606388590777,-0.13441532312195686,0.3712658646644591,-0.13492891014554378,0.3790945229781806,-0.11661364840545171,0.449260097639005,-0.12385560856355488,0.4482709427249216,-0.12385561617691554,0.44916449708702444,-0.12385560856355488,0.4482709427249216,2026-07-24T21:16:00
36,1,short_multidirectional_EMG_robot_v3,heldout_replay_autopilot,1,1,StaticP1,1,6,6,FORMAL_A280_W060,1,7,0,3,f0b41c7cddf1b14a1c66526f9b9065d26548ee59bbb2bf69e30f3346dd6587f4,03d669add0cfaee7205b0c92494d859fcbc2d9f6631b99408b12f6ce64fa329c,1,0,"[""S01_StaticP1_seg0001"", ""S01_StaticP1_seg0004"", ""S01_StaticP1_seg0005""]","[""data/limb/subject01/StaticP1/subject1_limb_EMG.mat""]","{""S01_StaticP1_seg0005"": [62955, 66456], ""S01_StaticP1_seg0004"": [47610, 60442], ""S01_StaticP1_seg0001"": [2290, 5537]}","[391, 392, 393, 394, 395, 396, 397, 398, 399, 400, 401, 402, 403, 404]",1,0.28,0.27999999999999997,0.2816073423438475,0.06,2.5025003405291835,ros_time,1,1,0,0,1,28.664,28.912,0.248,109.512775781,0.26400572712920045,0.08730464486914538,0,0,98,1.0,8.016252653061224,11.215250000000001,26.040816326530614,46.0,0.33522351127045463,9,0.009493243804932902,-0.00842826020062453,0.004368765034934411,0.27309002555879286,-0.1166136484054517,0.449260097639005,-0.12385561617812427,0.44916449705984973,-0.05430778689768367,0.1762802822280944,-0.051924020254831914,0.18546937002462371,-0.051453566668162684,0.18546906214500658,-0.051924020254831914,0.18546937002462371,2026-07-24T21:17:49
37,1,short_multidirectional_EMG_robot_v3,heldout_replay_autopilot,1,1,StaticP1,1,6,6,FORMAL_A280_W060,2,7,3,6,f0b41c7cddf1b14a1c66526f9b9065d26548ee59bbb2bf69e30f3346dd6587f4,03d669add0cfaee7205b0c92494d859fcbc2d9f6631b99408b12f6ce64fa329c,1,0,"[""S01_StaticP1_seg0002"", ""S01_StaticP1_seg0003"", ""S01_StaticP1_seg0005""]","[""data/limb/subject01/StaticP1/subject1_limb_EMG.mat""]","{""S01_StaticP1_seg0005"": [64593, 64655], ""S01_StaticP1_seg0003"": [31763, 37157], ""S01_StaticP1_seg0002"": [16892, 21415]}","[404, 405, 406, 407, 408, 409, 410, 411, 412, 413, 414, 415, 416, 417, 418, 419, 420, 421, 422, 423, 424, 425, 426, 427, 428, 429]",0,0.28,0.28,0.2747108664189823,0.06,2.5025003405291835,ros_time,0,0,0,1,0,35.0,35.0,0.0,121.034627062,0.2891734444067089,0.07150000972940525,12,13,104,0.8846153846153846,7.299303461538462,10.999602,25.752380952380953,48.0,0.3887221071809179,32,0.01823252069688623,-0.018077173700325362,-0.0023749951517107876,0.25651832608427166,-0.05430778689768367,0.1762802822280944,-0.05145356667299832,0.18546906213636183,-0.2288849314181291,0.3951930973191427,,,-0.2157571519892309,0.38254057906274086,-0.2157571519892309,0.38254057906274086,2026-07-24T21:19:44
38,1,short_multidirectional_EMG_robot_v3,heldout_replay_autopilot,1,1,StaticP1,1,6,6,FORMAL_A280_W060,3,7,6,2,f0b41c7cddf1b14a1c66526f9b9065d26548ee59bbb2bf69e30f3346dd6587f4,03d669add0cfaee7205b0c92494d859fcbc2d9f6631b99408b12f6ce64fa329c,1,0,"[""S01_StaticP1_seg0001"", ""S01_StaticP1_seg0004"", ""S01_StaticP1_seg0005""]","[""data/limb/subject01/StaticP1/subject1_limb_EMG.mat""]","{""S01_StaticP1_seg0005"": [63112, 64056], ""S01_StaticP1_seg0001"": [1605, 15110], ""S01_StaticP1_seg0004"": [47045, 50532]}","[431, 432, 433, 434, 435, 436, 437, 438, 439, 440, 441, 442, 443, 444, 445, 446, 447, 448, 449, 450, 451]",1,0.28,0.28,0.2653379193977082,0.06,2.5025003405291835,ros_time,1,1,0,0,1,29.626,29.876,0.25,102.079069595,0.2926750813710725,0.08446973403527926,0,1,94,1.0,6.9904925851063835,9.909929,31.410526315789475,48.0,0.34594418283727035,16,0.00761324784659075,-0.004138049108172462,0.006390468867929159,0.26119980347540267,-0.2288849314181291,0.3951930973191427,-0.21575649308127426,0.3886617781309528,0.0233863515945483,0.27370565036622646,0.022430818701364992,0.2812586960872362,0.02313271131393168,0.2812583768039657,0.022430818701364992,0.2812586960872362,2026-07-24T21:21:21
39,1,short_multidirectional_EMG_robot_v3,heldout_replay_autopilot,1,1,StaticP1,1,6,6,FORMAL_A280_W060,4,7,2,5,f0b41c7cddf1b14a1c66526f9b9065d26548ee59bbb2bf69e30f3346dd6587f4,03d669add0cfaee7205b0c92494d859fcbc2d9f6631b99408b12f6ce64fa329c,1,0,"[""S01_StaticP1_seg0002"", ""S01_StaticP1_seg0004"", ""S01_StaticP1_seg0005""]","[""data/limb/subject01/StaticP1/subject1_limb_EMG.mat""]","{""S01_StaticP1_seg0005"": [64529, 65536], ""S01_StaticP1_seg0002"": [16853, 30225], ""S01_StaticP1_seg0004"": [49320, 50705]}","[451, 452, 453, 454, 455, 456, 457, 458]",3,0.28,0.28,0.27984829720665244,0.06,2.5025003405291835,ros_time,1,1,0,0,1,33.072,33.324,0.252,120.549533145,0.2764340858949413,0.07566824929031155,18,18,128,0.859375,7.3000826015625,9.691139,23.546875,44.0,0.38256112875362824,29,0.006592457789245264,-0.001214061571203351,-0.006479703249710422,0.27853229814227615,0.0233863515945483,0.27370565036622646,0.02313271130802775,0.2812583767957624,-0.25661364840545176,0.27370565036622646,-0.2553995868342484,0.2801853536159369,-0.25627688681565763,0.2801849980076379,-0.2553995868342484,0.2801853536159369,2026-07-24T21:23:14
40,1,short_multidirectional_EMG_robot_v3,heldout_replay_autopilot,1,1,StaticP1,1,6,6,FORMAL_A280_W060,5,7,5,1,f0b41c7cddf1b14a1c66526f9b9065d26548ee59bbb2bf69e30f3346dd6587f4,03d669add0cfaee7205b0c92494d859fcbc2d9f6631b99408b12f6ce64fa329c,1,0,"[""S01_StaticP1_seg0001"", ""S01_StaticP1_seg0003"", ""S01_StaticP1_seg0005""]","[""data/limb/subject01/StaticP1/subject1_limb_EMG.mat""]","{""S01_StaticP1_seg0005"": [64020, 66229], ""S01_StaticP1_seg0001"": [1629, 15115], ""S01_StaticP1_seg0003"": [32238, 35772]}","[458, 459, 460, 461, 462, 463, 464, 465, 466, 467, 468, 469, 470, 471, 472, 473, 474, 475, 476, 477]",1,0.28,0.2800000000000001,0.2769437957274967,0.06,2.5025003405291835,ros_time,1,1,0,0,1,31.388,31.638,0.25,114.75736971,0.2756947120690503,0.07972793234768648,2,3,99,0.9797979797979798,7.826533080808081,11.934954000000001,24.76,46.0,0.35807754256981067,16,0.005859390165347718,-0.004362437647758678,-0.003911724795942487,0.2725228670626758,-0.25661364840545176,0.27370565036622646,-0.2562768868117205,0.2801849979984427,-0.0043423653927743555,0.39519309731914276,-0.006575552120707991,0.3897759642999199,-0.006261846187868271,0.3897758533386406,-0.006575552120707991,0.3897759642999199,2026-07-24T21:25:03
41,1,short_multidirectional_EMG_robot_v3,heldout_replay_autopilot,1,1,StaticP1,1,6,6,FORMAL_A280_W060,6,7,1,4,f0b41c7cddf1b14a1c66526f9b9065d26548ee59bbb2bf69e30f3346dd6587f4,03d669add0cfaee7205b0c92494d859fcbc2d9f6631b99408b12f6ce64fa329c,1,0,"[""S01_StaticP1_seg0002"", ""S01_StaticP1_seg0004"", ""S01_StaticP1_seg0005""]","[""data/limb/subject01/StaticP1/subject1_limb_EMG.mat""]","{""S01_StaticP1_seg0005"": [65595, 65657], ""S01_StaticP1_seg0004"": [47015, 53310], ""S01_StaticP1_seg0002"": [16932, 21882]}","[477, 478, 479, 480, 481, 482, 483, 484, 485, 486, 487, 488, 489, 490, 491, 492, 493, 494, 495, 496, 497, 498, 499, 500, 501]",0,0.28,0.28,0.27457426631271026,0.06,2.5025003405291835,ros_time,0,0,0,1,0,35.0,35.0,0.0,122.674436635,0.28530801493825014,0.07150000972940525,13,14,105,0.8761904761904762,7.179875952380953,9.955561999999999,23.943396226415093,52.0,0.4060636820876774,31,0.04455305267372262,-0.043760157117078716,0.008367983725849786,0.23080769427965397,-0.0043423653927743555,0.39519309731914276,-0.006261846191961663,0.38977585332848064,-0.17891950991321975,0.1762802822280944,,,-0.1450931451013358,0.20527599822478676,-0.1450931451013358,0.20527599822478676,2026-07-24T21:26:58
42,1,short_multidirectional_EMG_robot_v3,heldout_replay_autopilot,1,1,StaticP1,1,6,6,FORMAL_A280_W060,7,7,4,0,f0b41c7cddf1b14a1c66526f9b9065d26548ee59bbb2bf69e30f3346dd6587f4,03d669add0cfaee7205b0c92494d859fcbc2d9f6631b99408b12f6ce64fa329c,1,0,"[""S01_StaticP1_seg0001"", ""S01_StaticP1_seg0003"", ""S01_StaticP1_seg0005""]","[""data/limb/subject01/StaticP1/subject1_limb_EMG.mat""]","{""S01_StaticP1_seg0005"": [62594, 63538], ""S01_StaticP1_seg0003"": [31992, 45309], ""S01_StaticP1_seg0001"": [1636, 5428]}","[502, 503, 504, 505, 506, 507, 508, 509, 510, 511, 512, 513]",1,0.28,0.27999999999999997,0.2517807172602115,0.06,2.5025003405291835,ros_time,1,1,0,0,1,28.922,29.174,0.252,104.381742719,0.2794933217252142,0.08652583986339753,11,12,105,0.8952380952380953,7.407050809523809,10.796072,36.0,50.0,0.32588484457793726,20,0.00772859595649958,-0.007478909989725178,-0.0019486151042241771,0.24275101505673313,-0.17891950991321975,0.1762802822280944,-0.14509273585927845,0.19909520969134784,-0.1166136484054517,0.449260097639005,-0.11637810318613331,0.4415350918844131,-0.1159560615509257,0.4415349763341744,-0.11637810318613331,0.4415350918844131,2026-07-24T21:28:37
