subject_id,fold_id,fold_index,candidate_name,candidate_level,aggregation_method,selection_status,selection_fit_seconds,val_sample_accuracy,val_sample_balanced_accuracy,val_sample_macro_precision,val_sample_macro_recall,val_sample_macro_f1,val_recording_accuracy,val_recording_balanced_accuracy,val_recording_macro_precision,val_recording_macro_recall,val_recording_macro_f1
1,stratified_S01_fold01,1,raw_all_logreg_pca80,sample,mean_prob,ok,0.11057100002653897,0.7741316854890262,0.7551278424559349,0.7257434695004373,0.7551278424559349,0.7136662143740986,0.7142857142857143,0.7142857142857143,0.5714285714285714,0.7142857142857143,0.619047619047619
1,stratified_S01_fold01,1,raw_all_logreg_pca80,sample,confidence_weighted,ok,0.11057100002653897,0.7741316854890262,0.7551278424559349,0.7257434695004373,0.7551278424559349,0.7136662143740986,0.7142857142857143,0.7142857142857143,0.5714285714285714,0.7142857142857143,0.619047619047619
1,stratified_S01_fold01,1,raw_all_logreg_pca80,sample,majority_vote,ok,0.11057100002653897,0.7741316854890262,0.7551278424559349,0.7257434695004373,0.7551278424559349,0.7136662143740986,0.7142857142857143,0.7142857142857143,0.5714285714285714,0.7142857142857143,0.619047619047619
1,stratified_S01_fold01,1,raw_all_linear_svm_pca80,sample,mean_prob,ok,0.222548000048846,0.8080119326656723,0.7903779289493575,0.7450174999938026,0.7903779289493575,0.7483123806258958,0.8571428571428571,0.8571428571428571,0.7857142857142857,0.8571428571428571,0.8095238095238094
1,stratified_S01_fold01,1,raw_all_linear_svm_pca80,sample,confidence_weighted,ok,0.222548000048846,0.8080119326656723,0.7903779289493575,0.7450174999938026,0.7903779289493575,0.7483123806258958,0.8571428571428571,0.8571428571428571,0.7857142857142857,0.8571428571428571,0.8095238095238094
1,stratified_S01_fold01,1,raw_all_linear_svm_pca80,sample,majority_vote,ok,0.222548000048846,0.8080119326656723,0.7903779289493575,0.7450174999938026,0.7903779289493575,0.7483123806258958,0.8571428571428571,0.8571428571428571,0.7857142857142857,0.8571428571428571,0.8095238095238094
1,stratified_S01_fold01,1,raw_all_lda_k120,sample,mean_prob,ok,0.08452050003688782,0.8041764329852973,0.7866051554721505,0.7455875843214409,0.7866051554721505,0.7441224195447733,0.8571428571428571,0.8571428571428571,0.7857142857142857,0.8571428571428571,0.8095238095238094
1,stratified_S01_fold01,1,raw_all_lda_k120,sample,confidence_weighted,ok,0.08452050003688782,0.8041764329852973,0.7866051554721505,0.7455875843214409,0.7866051554721505,0.7441224195447733,0.8571428571428571,0.8571428571428571,0.7857142857142857,0.8571428571428571,0.8095238095238094
1,stratified_S01_fold01,1,raw_all_lda_k120,sample,majority_vote,ok,0.08452050003688782,0.8041764329852973,0.7866051554721505,0.7455875843214409,0.7866051554721505,0.7441224195447733,0.8571428571428571,0.8571428571428571,0.7857142857142857,0.8571428571428571,0.8095238095238094
1,stratified_S01_fold01,1,raw_all_extra_trees_subset,sample,mean_prob,ok,0.25559790001716465,0.6831451097379075,0.6588588366643566,0.6790550491287483,0.6588588366643566,0.5882966761605088,0.7142857142857143,0.7142857142857143,0.5714285714285714,0.7142857142857143,0.619047619047619
1,stratified_S01_fold01,1,raw_all_extra_trees_subset,sample,confidence_weighted,ok,0.25559790001716465,0.6831451097379075,0.6588588366643566,0.6790550491287483,0.6588588366643566,0.5882966761605088,0.7142857142857143,0.7142857142857143,0.5714285714285714,0.7142857142857143,0.619047619047619
1,stratified_S01_fold01,1,raw_all_extra_trees_subset,sample,majority_vote,ok,0.25559790001716465,0.6831451097379075,0.6588588366643566,0.6790550491287483,0.6588588366643566,0.5882966761605088,0.7142857142857143,0.7142857142857143,0.5714285714285714,0.7142857142857143,0.619047619047619
1,stratified_S01_fold01,1,raw_all_hist_gb_subset,sample,mean_prob,ok,2.3372051999904215,0.8589388450884295,0.8404597790409923,0.7490097427134305,0.8404597790409923,0.7872365654366086,0.8571428571428571,0.8571428571428571,0.7857142857142857,0.8571428571428571,0.8095238095238094
1,stratified_S01_fold01,1,raw_all_hist_gb_subset,sample,confidence_weighted,ok,2.3372051999904215,0.8589388450884295,0.8404597790409923,0.7490097427134305,0.8404597790409923,0.7872365654366086,0.8571428571428571,0.8571428571428571,0.7857142857142857,0.8571428571428571,0.8095238095238094
1,stratified_S01_fold01,1,raw_all_hist_gb_subset,sample,majority_vote,ok,2.3372051999904215,0.8589388450884295,0.8404597790409923,0.7490097427134305,0.8404597790409923,0.7872365654366086,0.8571428571428571,0.8571428571428571,0.7857142857142857,0.8571428571428571,0.8095238095238094
1,stratified_S01_fold01,1,recording_raw_logreg_k120,recording,recording_direct,ok,0.008964800043031573,1.0,1.0,1.0,1.0,1.0,1.0,1.0,1.0,1.0,1.0
1,stratified_S01_fold01,1,recording_raw_rbf_k80,recording,recording_direct,ok,0.0026366999372839928,1.0,1.0,1.0,1.0,1.0,1.0,1.0,1.0,1.0,1.0
1,stratified_S01_fold01,1,recording_raw_extra_trees,recording,recording_direct,ok,0.14725899999029934,1.0,1.0,1.0,1.0,1.0,1.0,1.0,1.0,1.0,1.0
1,stratified_S01_fold01,1,recording_raw_xgb_k120,recording,recording_direct,ok,0.1828700000187382,0.8508416790965267,0.8571428571428571,0.7792612372051624,0.8571428571428571,0.8036096665646986,0.8571428571428571,0.8571428571428571,0.7857142857142857,0.8571428571428571,0.8095238095238094
1,stratified_S01_fold01,1,recording_raw_knn1_k80,recording,recording_direct,ok,0.002494200016371906,1.0,1.0,1.0,1.0,1.0,1.0,1.0,1.0,1.0,1.0
1,stratified_S01_fold01,1,recording_raw_vote_k120,recording_ensemble,recording_direct,ok,0.16233289998490363,0.8755593437033881,0.8571428571428571,0.793408272399869,0.8571428571428571,0.816125860373648,0.8571428571428571,0.8571428571428571,0.7857142857142857,0.8571428571428571,0.8095238095238094
1,stratified_S01_fold02,2,raw_all_logreg_pca80,sample,mean_prob,ok,0.11903120006900281,0.8545150501672241,0.8533193479984761,0.8648219203717639,0.8533193479984761,0.8461954398184364,1.0,1.0,1.0,1.0,1.0
1,stratified_S01_fold02,2,raw_all_logreg_pca80,sample,confidence_weighted,ok,0.11903120006900281,0.8545150501672241,0.8533193479984761,0.8648219203717639,0.8533193479984761,0.8461954398184364,1.0,1.0,1.0,1.0,1.0
1,stratified_S01_fold02,2,raw_all_logreg_pca80,sample,majority_vote,ok,0.11903120006900281,0.8545150501672241,0.8533193479984761,0.8648219203717639,0.8533193479984761,0.8461954398184364,1.0,1.0,1.0,1.0,1.0
1,stratified_S01_fold02,2,raw_all_linear_svm_pca80,sample,mean_prob,ok,0.22046600002795458,0.8678929765886287,0.8668285245132535,0.8881252404243588,0.8668285245132535,0.8582281887069315,1.0,1.0,1.0,1.0,1.0
1,stratified_S01_fold02,2,raw_all_linear_svm_pca80,sample,confidence_weighted,ok,0.22046600002795458,0.8678929765886287,0.8668285245132535,0.8881252404243588,0.8668285245132535,0.8582281887069315,1.0,1.0,1.0,1.0,1.0
1,stratified_S01_fold02,2,raw_all_linear_svm_pca80,sample,majority_vote,ok,0.22046600002795458,0.8678929765886287,0.8668285245132535,0.8881252404243588,0.8668285245132535,0.8582281887069315,1.0,1.0,1.0,1.0,1.0
1,stratified_S01_fold02,2,raw_all_lda_k120,sample,mean_prob,ok,0.06651849998161197,0.9249581939799331,0.9258627134263142,0.9331559765482814,0.9258627134263142,0.9242257851851886,1.0,1.0,1.0,1.0,1.0
1,stratified_S01_fold02,2,raw_all_lda_k120,sample,confidence_weighted,ok,0.06651849998161197,0.9249581939799331,0.9258627134263142,0.9331559765482814,0.9258627134263142,0.9242257851851886,1.0,1.0,1.0,1.0,1.0
1,stratified_S01_fold02,2,raw_all_lda_k120,sample,majority_vote,ok,0.06651849998161197,0.9249581939799331,0.9258627134263142,0.9331559765482814,0.9258627134263142,0.9242257851851886,1.0,1.0,1.0,1.0,1.0
1,stratified_S01_fold02,2,raw_all_extra_trees_subset,sample,mean_prob,ok,0.2566926000872627,0.7479096989966555,0.7263567649281936,0.6648720867828578,0.7263567649281936,0.6879166979452067,0.7142857142857143,0.7142857142857143,0.6428571428571429,0.7142857142857143,0.6666666666666666
1,stratified_S01_fold02,2,raw_all_extra_trees_subset,sample,confidence_weighted,ok,0.2566926000872627,0.7479096989966555,0.7263567649281936,0.6648720867828578,0.7263567649281936,0.6879166979452067,0.8571428571428571,0.8571428571428571,0.7857142857142857,0.8571428571428571,0.8095238095238094
1,stratified_S01_fold02,2,raw_all_extra_trees_subset,sample,majority_vote,ok,0.2566926000872627,0.7479096989966555,0.7263567649281936,0.6648720867828578,0.7263567649281936,0.6879166979452067,0.7142857142857143,0.7142857142857143,0.6428571428571429,0.7142857142857143,0.6666666666666666
1,stratified_S01_fold02,2,raw_all_hist_gb_subset,sample,mean_prob,ok,0.862625899957493,0.7441471571906354,0.7239249215668002,0.7350221809793673,0.7239249215668002,0.7158522192048203,0.8571428571428571,0.8571428571428571,0.7857142857142857,0.8571428571428571,0.8095238095238094
1,stratified_S01_fold02,2,raw_all_hist_gb_subset,sample,confidence_weighted,ok,0.862625899957493,0.7441471571906354,0.7239249215668002,0.7350221809793673,0.7239249215668002,0.7158522192048203,0.8571428571428571,0.8571428571428571,0.7857142857142857,0.8571428571428571,0.8095238095238094
1,stratified_S01_fold02,2,raw_all_hist_gb_subset,sample,majority_vote,ok,0.862625899957493,0.7441471571906354,0.7239249215668002,0.7350221809793673,0.7239249215668002,0.7158522192048203,0.8571428571428571,0.8571428571428571,0.7857142857142857,0.8571428571428571,0.8095238095238094
1,stratified_S01_fold02,2,recording_raw_logreg_k120,recording,recording_direct,ok,0.01099340000655502,1.0,1.0,1.0,1.0,1.0,1.0,1.0,1.0,1.0,1.0
1,stratified_S01_fold02,2,recording_raw_rbf_k80,recording,recording_direct,ok,0.0025996000040322542,1.0,1.0,1.0,1.0,1.0,1.0,1.0,1.0,1.0,1.0
1,stratified_S01_fold02,2,recording_raw_extra_trees,recording,recording_direct,ok,0.13295120000839233,1.0,1.0,1.0,1.0,1.0,1.0,1.0,1.0,1.0,1.0
1,stratified_S01_fold02,2,recording_raw_xgb_k120,recording,recording_direct,ok,0.042165699996985495,1.0,1.0,1.0,1.0,1.0,1.0,1.0,1.0,1.0,1.0
1,stratified_S01_fold02,2,recording_raw_knn1_k80,recording,recording_direct,ok,0.002719599986448884,1.0,1.0,1.0,1.0,1.0,1.0,1.0,1.0,1.0,1.0
1,stratified_S01_fold02,2,recording_raw_vote_k120,recording_ensemble,recording_direct,ok,0.15554669999983162,0.8779264214046822,0.8571428571428571,0.792167334223409,0.8571428571428571,0.8150921658986174,0.8571428571428571,0.8571428571428571,0.7857142857142857,0.8571428571428571,0.8095238095238094
1,stratified_S01_fold03,3,raw_all_logreg_pca80,sample,mean_prob,ok,0.09681969997473061,0.8014214947232393,0.7897999493714455,0.7731699634787393,0.7897999493714455,0.7715424399987961,0.8571428571428571,0.8571428571428571,0.7857142857142857,0.8571428571428571,0.8095238095238094
1,stratified_S01_fold03,3,raw_all_logreg_pca80,sample,confidence_weighted,ok,0.09681969997473061,0.8014214947232393,0.7897999493714455,0.7731699634787393,0.7897999493714455,0.7715424399987961,0.8571428571428571,0.8571428571428571,0.7857142857142857,0.8571428571428571,0.8095238095238094
1,stratified_S01_fold03,3,raw_all_logreg_pca80,sample,majority_vote,ok,0.09681969997473061,0.8014214947232393,0.7897999493714455,0.7731699634787393,0.7897999493714455,0.7715424399987961,0.8571428571428571,0.8571428571428571,0.7857142857142857,0.8571428571428571,0.8095238095238094
1,stratified_S01_fold03,3,raw_all_linear_svm_pca80,sample,mean_prob,ok,0.20631919999141246,0.6446263191901788,0.6337171641868314,0.6296170817519945,0.6337171641868314,0.6126837202167917,0.7142857142857143,0.7142857142857143,0.6428571428571429,0.7142857142857143,0.6666666666666666
1,stratified_S01_fold03,3,raw_all_linear_svm_pca80,sample,confidence_weighted,ok,0.20631919999141246,0.6446263191901788,0.6337171641868314,0.6296170817519945,0.6337171641868314,0.6126837202167917,0.7142857142857143,0.7142857142857143,0.6428571428571429,0.7142857142857143,0.6666666666666666
1,stratified_S01_fold03,3,raw_all_linear_svm_pca80,sample,majority_vote,ok,0.20631919999141246,0.6446263191901788,0.6337171641868314,0.6296170817519945,0.6337171641868314,0.6126837202167917,0.7142857142857143,0.7142857142857143,0.6428571428571429,0.7142857142857143,0.6666666666666666
1,stratified_S01_fold03,3,raw_all_lda_k120,sample,mean_prob,ok,0.07306679990142584,0.96338574197717,0.9608562723887646,0.9669430314183562,0.9608562723887646,0.9622055194534951,1.0,1.0,1.0,1.0,1.0
1,stratified_S01_fold03,3,raw_all_lda_k120,sample,confidence_weighted,ok,0.07306679990142584,0.96338574197717,0.9608562723887646,0.9669430314183562,0.9608562723887646,0.9622055194534951,1.0,1.0,1.0,1.0,1.0
1,stratified_S01_fold03,3,raw_all_lda_k120,sample,majority_vote,ok,0.07306679990142584,0.96338574197717,0.9608562723887646,0.9669430314183562,0.9608562723887646,0.9622055194534951,1.0,1.0,1.0,1.0,1.0
1,stratified_S01_fold03,3,raw_all_extra_trees_subset,sample,mean_prob,ok,0.25423700001556426,0.574843850958432,0.5558669050993095,0.5704552157108075,0.5558669050993095,0.5294010579833313,0.5714285714285714,0.5714285714285714,0.42857142857142855,0.5714285714285714,0.47619047619047616
1,stratified_S01_fold03,3,raw_all_extra_trees_subset,sample,confidence_weighted,ok,0.25423700001556426,0.574843850958432,0.5558669050993095,0.5704552157108075,0.5558669050993095,0.5294010579833313,0.5714285714285714,0.5714285714285714,0.42857142857142855,0.5714285714285714,0.47619047619047616
1,stratified_S01_fold03,3,raw_all_extra_trees_subset,sample,majority_vote,ok,0.25423700001556426,0.574843850958432,0.5558669050993095,0.5704552157108075,0.5558669050993095,0.5294010579833313,0.5714285714285714,0.5714285714285714,0.42857142857142855,0.5714285714285714,0.47619047619047616
1,stratified_S01_fold03,3,raw_all_hist_gb_subset,sample,mean_prob,ok,0.9164550000568852,0.9360327374542322,0.9299865912879612,0.9443977976454903,0.9299865912879612,0.9323356240975607,1.0,1.0,1.0,1.0,1.0
1,stratified_S01_fold03,3,raw_all_hist_gb_subset,sample,confidence_weighted,ok,0.9164550000568852,0.9360327374542322,0.9299865912879612,0.9443977976454903,0.9299865912879612,0.9323356240975607,1.0,1.0,1.0,1.0,1.0
1,stratified_S01_fold03,3,raw_all_hist_gb_subset,sample,majority_vote,ok,0.9164550000568852,0.9360327374542322,0.9299865912879612,0.9443977976454903,0.9299865912879612,0.9323356240975607,1.0,1.0,1.0,1.0,1.0
1,stratified_S01_fold03,3,recording_raw_logreg_k120,recording,recording_direct,ok,0.008382099913433194,1.0,1.0,1.0,1.0,1.0,1.0,1.0,1.0,1.0,1.0
1,stratified_S01_fold03,3,recording_raw_rbf_k80,recording,recording_direct,ok,0.002651000046171248,0.8742192547921602,0.8571428571428571,0.792167334223409,0.8571428571428571,0.8150921658986175,0.8571428571428571,0.8571428571428571,0.7857142857142857,0.8571428571428571,0.8095238095238095
1,stratified_S01_fold03,3,recording_raw_extra_trees,recording,recording_direct,ok,0.13586799998302013,1.0,1.0,1.0,1.0,1.0,1.0,1.0,1.0,1.0,1.0
1,stratified_S01_fold03,3,recording_raw_xgb_k120,recording,recording_direct,ok,0.04059330001473427,1.0,1.0,1.0,1.0,1.0,1.0,1.0,1.0,1.0,1.0
1,stratified_S01_fold03,3,recording_raw_knn1_k80,recording,recording_direct,ok,0.0029473999748006463,1.0,1.0,1.0,1.0,1.0,1.0,1.0,1.0,1.0,1.0
1,stratified_S01_fold03,3,recording_raw_vote_k120,recording_ensemble,recording_direct,ok,0.17038549995049834,1.0,1.0,1.0,1.0,1.0,1.0,1.0,1.0,1.0,1.0
1,stratified_S01_fold04,4,raw_all_logreg_pca80,sample,mean_prob,ok,0.1250699000665918,0.8262639245929735,0.8275213287960438,0.8852649565002074,0.8275213287960438,0.8328919566729043,0.8571428571428571,0.8571428571428571,0.7857142857142857,0.8571428571428571,0.8095238095238094
1,stratified_S01_fold04,4,raw_all_logreg_pca80,sample,confidence_weighted,ok,0.1250699000665918,0.8262639245929735,0.8275213287960438,0.8852649565002074,0.8275213287960438,0.8328919566729043,0.8571428571428571,0.8571428571428571,0.7857142857142857,0.8571428571428571,0.8095238095238094
1,stratified_S01_fold04,4,raw_all_logreg_pca80,sample,majority_vote,ok,0.1250699000665918,0.8262639245929735,0.8275213287960438,0.8852649565002074,0.8275213287960438,0.8328919566729043,0.8571428571428571,0.8571428571428571,0.7857142857142857,0.8571428571428571,0.8095238095238094
1,stratified_S01_fold04,4,raw_all_linear_svm_pca80,sample,mean_prob,ok,0.21836980001535267,0.8879605826906598,0.8900470902684278,0.9081055068960872,0.8900470902684278,0.888804478305017,1.0,1.0,1.0,1.0,1.0
1,stratified_S01_fold04,4,raw_all_linear_svm_pca80,sample,confidence_weighted,ok,0.21836980001535267,0.8879605826906598,0.8900470902684278,0.9081055068960872,0.8900470902684278,0.888804478305017,0.8571428571428571,0.8571428571428571,0.7857142857142857,0.8571428571428571,0.8095238095238094
1,stratified_S01_fold04,4,raw_all_linear_svm_pca80,sample,majority_vote,ok,0.21836980001535267,0.8879605826906598,0.8900470902684278,0.9081055068960872,0.8900470902684278,0.888804478305017,1.0,1.0,1.0,1.0,1.0
1,stratified_S01_fold04,4,raw_all_lda_k120,sample,mean_prob,ok,0.06863170000724494,0.9466580976863753,0.9454493212810239,0.958406762477921,0.9454493212810239,0.9474893995762486,1.0,1.0,1.0,1.0,1.0
1,stratified_S01_fold04,4,raw_all_lda_k120,sample,confidence_weighted,ok,0.06863170000724494,0.9466580976863753,0.9454493212810239,0.958406762477921,0.9454493212810239,0.9474893995762486,1.0,1.0,1.0,1.0,1.0
1,stratified_S01_fold04,4,raw_all_lda_k120,sample,majority_vote,ok,0.06863170000724494,0.9466580976863753,0.9454493212810239,0.958406762477921,0.9454493212810239,0.9474893995762486,1.0,1.0,1.0,1.0,1.0
1,stratified_S01_fold04,4,raw_all_extra_trees_subset,sample,mean_prob,ok,0.23942260001786053,0.5265638389031705,0.4989699624141894,0.567020326326291,0.4989699624141894,0.4273274752962145,0.5714285714285714,0.5714285714285714,0.42857142857142855,0.5714285714285714,0.47619047619047616
1,stratified_S01_fold04,4,raw_all_extra_trees_subset,sample,confidence_weighted,ok,0.23942260001786053,0.5265638389031705,0.4989699624141894,0.567020326326291,0.4989699624141894,0.4273274752962145,0.5714285714285714,0.5714285714285714,0.42857142857142855,0.5714285714285714,0.47619047619047616
1,stratified_S01_fold04,4,raw_all_extra_trees_subset,sample,majority_vote,ok,0.23942260001786053,0.5265638389031705,0.4989699624141894,0.567020326326291,0.4989699624141894,0.4273274752962145,0.5714285714285714,0.5714285714285714,0.42857142857142855,0.5714285714285714,0.47619047619047616
1,stratified_S01_fold04,4,raw_all_hist_gb_subset,sample,mean_prob,ok,0.9018938000081107,0.8508997429305912,0.8542283965494033,0.887461810583663,0.8542283965494033,0.8496355905000869,1.0,1.0,1.0,1.0,1.0
1,stratified_S01_fold04,4,raw_all_hist_gb_subset,sample,confidence_weighted,ok,0.9018938000081107,0.8508997429305912,0.8542283965494033,0.887461810583663,0.8542283965494033,0.8496355905000869,1.0,1.0,1.0,1.0,1.0
1,stratified_S01_fold04,4,raw_all_hist_gb_subset,sample,majority_vote,ok,0.9018938000081107,0.8508997429305912,0.8542283965494033,0.887461810583663,0.8542283965494033,0.8496355905000869,1.0,1.0,1.0,1.0,1.0
1,stratified_S01_fold04,4,recording_raw_logreg_k120,recording,recording_direct,ok,0.008341499953530729,1.0,1.0,1.0,1.0,1.0,1.0,1.0,1.0,1.0,1.0
1,stratified_S01_fold04,4,recording_raw_rbf_k80,recording,recording_direct,ok,0.002612299984320998,1.0,1.0,1.0,1.0,1.0,1.0,1.0,1.0,1.0,1.0
1,stratified_S01_fold04,4,recording_raw_extra_trees,recording,recording_direct,ok,0.1494986000470817,1.0,1.0,1.0,1.0,1.0,1.0,1.0,1.0,1.0,1.0
1,stratified_S01_fold04,4,recording_raw_xgb_k120,recording,recording_direct,ok,0.042832099949009717,0.8748928877463582,0.8571428571428571,0.7857142857142857,0.8571428571428571,0.8095238095238095,0.8571428571428571,0.8571428571428571,0.7857142857142857,0.8571428571428571,0.8095238095238095
1,stratified_S01_fold04,4,recording_raw_knn1_k80,recording,recording_direct,ok,0.0019386999774724245,1.0,1.0,1.0,1.0,1.0,1.0,1.0,1.0,1.0,1.0
1,stratified_S01_fold04,4,recording_raw_vote_k120,recording_ensemble,recording_direct,ok,0.14997320005204529,1.0,1.0,1.0,1.0,1.0,1.0,1.0,1.0,1.0,1.0
2,stratified_S02_fold01,5,raw_all_logreg_pca80,sample,mean_prob,ok,0.1075310999294743,0.7664606861282761,0.7475295657548172,0.7303639272614108,0.7475295657548172,0.7019256875749739,0.7142857142857143,0.7142857142857143,0.5714285714285714,0.7142857142857143,0.619047619047619
2,stratified_S02_fold01,5,raw_all_logreg_pca80,sample,confidence_weighted,ok,0.1075310999294743,0.7664606861282761,0.7475295657548172,0.7303639272614108,0.7475295657548172,0.7019256875749739,0.7142857142857143,0.7142857142857143,0.5714285714285714,0.7142857142857143,0.619047619047619
2,stratified_S02_fold01,5,raw_all_logreg_pca80,sample,majority_vote,ok,0.1075310999294743,0.7664606861282761,0.7475295657548172,0.7303639272614108,0.7475295657548172,0.7019256875749739,0.7142857142857143,0.7142857142857143,0.5714285714285714,0.7142857142857143,0.619047619047619
2,stratified_S02_fold01,5,raw_all_linear_svm_pca80,sample,mean_prob,ok,0.2249121000058949,0.7950138504155124,0.7774074074074074,0.7389526873552101,0.7774074074074074,0.732692959811064,0.8571428571428571,0.8571428571428571,0.7857142857142857,0.8571428571428571,0.8095238095238094
2,stratified_S02_fold01,5,raw_all_linear_svm_pca80,sample,confidence_weighted,ok,0.2249121000058949,0.7950138504155124,0.7774074074074074,0.7389526873552101,0.7774074074074074,0.732692959811064,0.8571428571428571,0.8571428571428571,0.7857142857142857,0.8571428571428571,0.8095238095238094
2,stratified_S02_fold01,5,raw_all_linear_svm_pca80,sample,majority_vote,ok,0.2249121000058949,0.7950138504155124,0.7774074074074074,0.7389526873552101,0.7774074074074074,0.732692959811064,0.7142857142857143,0.7142857142857143,0.5714285714285714,0.7142857142857143,0.619047619047619
2,stratified_S02_fold01,5,raw_all_lda_k120,sample,mean_prob,ok,0.06934080005157739,0.806733432772214,0.7891729872025438,0.7475070977136655,0.7891729872025438,0.7473696218753315,0.8571428571428571,0.8571428571428571,0.7857142857142857,0.8571428571428571,0.8095238095238094
2,stratified_S02_fold01,5,raw_all_lda_k120,sample,confidence_weighted,ok,0.06934080005157739,0.806733432772214,0.7891729872025438,0.7475070977136655,0.7891729872025438,0.7473696218753315,0.8571428571428571,0.8571428571428571,0.7857142857142857,0.8571428571428571,0.8095238095238094
2,stratified_S02_fold01,5,raw_all_lda_k120,sample,majority_vote,ok,0.06934080005157739,0.806733432772214,0.7891729872025438,0.7475070977136655,0.7891729872025438,0.7473696218753315,0.8571428571428571,0.8571428571428571,0.7857142857142857,0.8571428571428571,0.8095238095238094
2,stratified_S02_fold01,5,raw_all_extra_trees_subset,sample,mean_prob,ok,0.24898110004141927,0.6624760281269977,0.634971463418727,0.6796720694077424,0.634971463418727,0.5630615109497431,0.5714285714285714,0.5714285714285714,0.4047619047619047,0.5714285714285714,0.4523809523809524
2,stratified_S02_fold01,5,raw_all_extra_trees_subset,sample,confidence_weighted,ok,0.24898110004141927,0.6624760281269977,0.634971463418727,0.6796720694077424,0.634971463418727,0.5630615109497431,0.5714285714285714,0.5714285714285714,0.4642857142857143,0.5714285714285714,0.4857142857142857
2,stratified_S02_fold01,5,raw_all_extra_trees_subset,sample,majority_vote,ok,0.24898110004141927,0.6624760281269977,0.634971463418727,0.6796720694077424,0.634971463418727,0.5630615109497431,0.5714285714285714,0.5714285714285714,0.4047619047619047,0.5714285714285714,0.4523809523809524
2,stratified_S02_fold01,5,raw_all_hist_gb_subset,sample,mean_prob,ok,0.7962909999769181,0.8555295120392074,0.837081094233736,0.7477005353792441,0.837081094233736,0.7850040861781712,0.8571428571428571,0.8571428571428571,0.7857142857142857,0.8571428571428571,0.8095238095238094
2,stratified_S02_fold01,5,raw_all_hist_gb_subset,sample,confidence_weighted,ok,0.7962909999769181,0.8555295120392074,0.837081094233736,0.7477005353792441,0.837081094233736,0.7850040861781712,0.8571428571428571,0.8571428571428571,0.7857142857142857,0.8571428571428571,0.8095238095238094
2,stratified_S02_fold01,5,raw_all_hist_gb_subset,sample,majority_vote,ok,0.7962909999769181,0.8555295120392074,0.837081094233736,0.7477005353792441,0.837081094233736,0.7850040861781712,0.8571428571428571,0.8571428571428571,0.7857142857142857,0.8571428571428571,0.8095238095238094
2,stratified_S02_fold01,5,recording_raw_logreg_k120,recording,recording_direct,ok,0.007557000033557415,1.0,1.0,1.0,1.0,1.0,1.0,1.0,1.0,1.0,1.0
2,stratified_S02_fold01,5,recording_raw_rbf_k80,recording,recording_direct,ok,0.0025580000365152955,0.7264010227999148,0.7142857142857143,0.7142857142857143,0.7142857142857143,0.7142857142857143,0.7142857142857143,0.7142857142857143,0.7142857142857143,0.7142857142857143,0.7142857142857143
2,stratified_S02_fold01,5,recording_raw_extra_trees,recording,recording_direct,ok,0.14101130003109574,1.0,1.0,1.0,1.0,1.0,1.0,1.0,1.0,1.0,1.0
2,stratified_S02_fold01,5,recording_raw_xgb_k120,recording,recording_direct,ok,0.04129789990838617,0.8755593437033881,0.8571428571428571,0.7857142857142857,0.8571428571428571,0.8095238095238094,0.8571428571428571,0.8571428571428571,0.7857142857142857,0.8571428571428571,0.8095238095238094
2,stratified_S02_fold01,5,recording_raw_knn1_k80,recording,recording_direct,ok,0.001958400011062622,1.0,1.0,1.0,1.0,1.0,1.0,1.0,1.0,1.0,1.0
2,stratified_S02_fold01,5,recording_raw_vote_k120,recording_ensemble,recording_direct,ok,0.15206819993909448,1.0,1.0,1.0,1.0,1.0,1.0,1.0,1.0,1.0,1.0
2,stratified_S02_fold02,6,raw_all_logreg_pca80,sample,mean_prob,ok,0.08395200001541525,0.8419732441471572,0.8395093064780629,0.8565802169579245,0.8395093064780629,0.8346440411760303,1.0,1.0,1.0,1.0,1.0
2,stratified_S02_fold02,6,raw_all_logreg_pca80,sample,confidence_weighted,ok,0.08395200001541525,0.8419732441471572,0.8395093064780629,0.8565802169579245,0.8395093064780629,0.8346440411760303,1.0,1.0,1.0,1.0,1.0
2,stratified_S02_fold02,6,raw_all_logreg_pca80,sample,majority_vote,ok,0.08395200001541525,0.8419732441471572,0.8395093064780629,0.8565802169579245,0.8395093064780629,0.8346440411760303,1.0,1.0,1.0,1.0,1.0
2,stratified_S02_fold02,6,raw_all_linear_svm_pca80,sample,mean_prob,ok,0.24039349996019155,0.8812709030100334,0.880145039383517,0.901339476379842,0.880145039383517,0.8696651316387547,1.0,1.0,1.0,1.0,1.0
2,stratified_S02_fold02,6,raw_all_linear_svm_pca80,sample,confidence_weighted,ok,0.24039349996019155,0.8812709030100334,0.880145039383517,0.901339476379842,0.880145039383517,0.8696651316387547,1.0,1.0,1.0,1.0,1.0
2,stratified_S02_fold02,6,raw_all_linear_svm_pca80,sample,majority_vote,ok,0.24039349996019155,0.8812709030100334,0.880145039383517,0.901339476379842,0.880145039383517,0.8696651316387547,1.0,1.0,1.0,1.0,1.0
2,stratified_S02_fold02,6,raw_all_lda_k120,sample,mean_prob,ok,0.07096009992528707,0.9230769230769231,0.9231767257892504,0.929044229022321,0.9231767257892504,0.9230987404705405,1.0,1.0,1.0,1.0,1.0
2,stratified_S02_fold02,6,raw_all_lda_k120,sample,confidence_weighted,ok,0.07096009992528707,0.9230769230769231,0.9231767257892504,0.929044229022321,0.9231767257892504,0.9230987404705405,1.0,1.0,1.0,1.0,1.0
2,stratified_S02_fold02,6,raw_all_lda_k120,sample,majority_vote,ok,0.07096009992528707,0.9230769230769231,0.9231767257892504,0.929044229022321,0.9231767257892504,0.9230987404705405,1.0,1.0,1.0,1.0,1.0
2,stratified_S02_fold02,6,raw_all_extra_trees_subset,sample,mean_prob,ok,0.24584959994535893,0.7405936454849499,0.7191156462585033,0.6602771301034961,0.7191156462585033,0.6824617846748842,0.8571428571428571,0.8571428571428571,0.7857142857142857,0.8571428571428571,0.8095238095238094
2,stratified_S02_fold02,6,raw_all_extra_trees_subset,sample,confidence_weighted,ok,0.24584959994535893,0.7405936454849499,0.7191156462585033,0.6602771301034961,0.7191156462585033,0.6824617846748842,0.8571428571428571,0.8571428571428571,0.7857142857142857,0.8571428571428571,0.8095238095238094
2,stratified_S02_fold02,6,raw_all_extra_trees_subset,sample,majority_vote,ok,0.24584959994535893,0.7405936454849499,0.7191156462585033,0.6602771301034961,0.7191156462585033,0.6824617846748842,0.7142857142857143,0.7142857142857143,0.6428571428571429,0.7142857142857143,0.6666666666666666
2,stratified_S02_fold02,6,raw_all_hist_gb_subset,sample,mean_prob,ok,0.8979722999501973,0.7468645484949833,0.7264763043725863,0.7356976815529627,0.7264763043725863,0.7178358794188107,0.8571428571428571,0.8571428571428571,0.7857142857142857,0.8571428571428571,0.8095238095238094
2,stratified_S02_fold02,6,raw_all_hist_gb_subset,sample,confidence_weighted,ok,0.8979722999501973,0.7468645484949833,0.7264763043725863,0.7356976815529627,0.7264763043725863,0.7178358794188107,0.8571428571428571,0.8571428571428571,0.7857142857142857,0.8571428571428571,0.8095238095238094
2,stratified_S02_fold02,6,raw_all_hist_gb_subset,sample,majority_vote,ok,0.8979722999501973,0.7468645484949833,0.7264763043725863,0.7356976815529627,0.7264763043725863,0.7178358794188107,0.8571428571428571,0.8571428571428571,0.7857142857142857,0.8571428571428571,0.8095238095238094
2,stratified_S02_fold02,6,recording_raw_logreg_k120,recording,recording_direct,ok,0.008477299939841032,1.0,1.0,1.0,1.0,1.0,1.0,1.0,1.0,1.0,1.0
2,stratified_S02_fold02,6,recording_raw_rbf_k80,recording,recording_direct,ok,0.0026323000201955438,1.0,1.0,1.0,1.0,1.0,1.0,1.0,1.0,1.0,1.0
2,stratified_S02_fold02,6,recording_raw_extra_trees,recording,recording_direct,ok,0.14235029998235404,1.0,1.0,1.0,1.0,1.0,1.0,1.0,1.0,1.0,1.0
2,stratified_S02_fold02,6,recording_raw_xgb_k120,recording,recording_direct,ok,0.04281430004630238,0.8536789297658863,0.8571428571428571,0.786967418546366,0.8571428571428571,0.8106312292358805,0.8571428571428571,0.8571428571428571,0.7857142857142857,0.8571428571428571,0.8095238095238095
2,stratified_S02_fold02,6,recording_raw_knn1_k80,recording,recording_direct,ok,0.0019125000108033419,1.0,1.0,1.0,1.0,1.0,1.0,1.0,1.0,1.0,1.0
2,stratified_S02_fold02,6,recording_raw_vote_k120,recording_ensemble,recording_direct,ok,0.15415090008173138,1.0,1.0,1.0,1.0,1.0,1.0,1.0,1.0,1.0,1.0
2,stratified_S02_fold03,7,raw_all_logreg_pca80,sample,mean_prob,ok,0.11839079996570945,0.8164979539091105,0.806062017837104,0.7984243118614727,0.806062017837104,0.7938330444606108,0.8571428571428571,0.8571428571428571,0.7857142857142857,0.8571428571428571,0.8095238095238094
2,stratified_S02_fold03,7,raw_all_logreg_pca80,sample,confidence_weighted,ok,0.11839079996570945,0.8164979539091105,0.806062017837104,0.7984243118614727,0.806062017837104,0.7938330444606108,0.8571428571428571,0.8571428571428571,0.7857142857142857,0.8571428571428571,0.8095238095238094
2,stratified_S02_fold03,7,raw_all_logreg_pca80,sample,majority_vote,ok,0.11839079996570945,0.8164979539091105,0.806062017837104,0.7984243118614727,0.806062017837104,0.7938330444606108,0.8571428571428571,0.8571428571428571,0.7857142857142857,0.8571428571428571,0.8095238095238094
2,stratified_S02_fold03,7,raw_all_linear_svm_pca80,sample,mean_prob,ok,0.21169829997234046,0.6976093043290975,0.6861761873699251,0.683532442509775,0.6861761873699251,0.6720332382485015,0.7142857142857143,0.7142857142857143,0.6428571428571429,0.7142857142857143,0.6666666666666666
2,stratified_S02_fold03,7,raw_all_linear_svm_pca80,sample,confidence_weighted,ok,0.21169829997234046,0.6976093043290975,0.6861761873699251,0.683532442509775,0.6861761873699251,0.6720332382485015,0.7142857142857143,0.7142857142857143,0.6428571428571429,0.7142857142857143,0.6666666666666666
2,stratified_S02_fold03,7,raw_all_linear_svm_pca80,sample,majority_vote,ok,0.21169829997234046,0.6976093043290975,0.6861761873699251,0.683532442509775,0.6861761873699251,0.6720332382485015,0.7142857142857143,0.7142857142857143,0.6428571428571429,0.7142857142857143,0.6666666666666666
2,stratified_S02_fold03,7,raw_all_lda_k120,sample,mean_prob,ok,0.07766429998446256,0.94766314882619,0.942856393068958,0.9537057322600907,0.942856393068958,0.9437052304453148,1.0,1.0,1.0,1.0,1.0
2,stratified_S02_fold03,7,raw_all_lda_k120,sample,confidence_weighted,ok,0.07766429998446256,0.94766314882619,0.942856393068958,0.9537057322600907,0.942856393068958,0.9437052304453148,1.0,1.0,1.0,1.0,1.0
2,stratified_S02_fold03,7,raw_all_lda_k120,sample,majority_vote,ok,0.07766429998446256,0.94766314882619,0.942856393068958,0.9537057322600907,0.942856393068958,0.9437052304453148,1.0,1.0,1.0,1.0,1.0
2,stratified_S02_fold03,7,raw_all_extra_trees_subset,sample,mean_prob,ok,0.2538193999789655,0.6558259745853974,0.6438288183588136,0.6092009063564768,0.6438288183588136,0.6126881518187693,0.7142857142857143,0.7142857142857143,0.6428571428571429,0.7142857142857143,0.6666666666666666
2,stratified_S02_fold03,7,raw_all_extra_trees_subset,sample,confidence_weighted,ok,0.2538193999789655,0.6558259745853974,0.6438288183588136,0.6092009063564768,0.6438288183588136,0.6126881518187693,0.7142857142857143,0.7142857142857143,0.6428571428571429,0.7142857142857143,0.6666666666666666
2,stratified_S02_fold03,7,raw_all_extra_trees_subset,sample,majority_vote,ok,0.2538193999789655,0.6558259745853974,0.6438288183588136,0.6092009063564768,0.6438288183588136,0.6126881518187693,0.7142857142857143,0.7142857142857143,0.6428571428571429,0.7142857142857143,0.6666666666666666
2,stratified_S02_fold03,7,raw_all_hist_gb_subset,sample,mean_prob,ok,0.9010388000169769,0.9067413310359681,0.898829093281148,0.9161423242030813,0.898829093281148,0.9015943148042626,1.0,1.0,1.0,1.0,1.0
2,stratified_S02_fold03,7,raw_all_hist_gb_subset,sample,confidence_weighted,ok,0.9010388000169769,0.9067413310359681,0.898829093281148,0.9161423242030813,0.898829093281148,0.9015943148042626,1.0,1.0,1.0,1.0,1.0
2,stratified_S02_fold03,7,raw_all_hist_gb_subset,sample,majority_vote,ok,0.9010388000169769,0.9067413310359681,0.898829093281148,0.9161423242030813,0.898829093281148,0.9015943148042626,1.0,1.0,1.0,1.0,1.0
2,stratified_S02_fold03,7,recording_raw_logreg_k120,recording,recording_direct,ok,0.008697399985976517,1.0,1.0,1.0,1.0,1.0,1.0,1.0,1.0,1.0,1.0
2,stratified_S02_fold03,7,recording_raw_rbf_k80,recording,recording_direct,ok,0.0025544000091031194,1.0,1.0,1.0,1.0,1.0,1.0,1.0,1.0,1.0,1.0
2,stratified_S02_fold03,7,recording_raw_extra_trees,recording,recording_direct,ok,0.13944339996669441,1.0,1.0,1.0,1.0,1.0,1.0,1.0,1.0,1.0,1.0
2,stratified_S02_fold03,7,recording_raw_xgb_k120,recording,recording_direct,ok,0.041678500012494624,0.8546198578505276,0.8571428571428571,0.7882653061224489,0.8571428571428571,0.8117647058823529,0.8571428571428571,0.8571428571428571,0.7857142857142857,0.8571428571428571,0.8095238095238094
2,stratified_S02_fold03,7,recording_raw_knn1_k80,recording,recording_direct,ok,0.0019046999514102936,1.0,1.0,1.0,1.0,1.0,1.0,1.0,1.0,1.0,1.0
2,stratified_S02_fold03,7,recording_raw_vote_k120,recording_ensemble,recording_direct,ok,0.1546093999641016,0.849235408141288,0.8571428571428571,0.7792612372051624,0.8571428571428571,0.8036096665646986,0.8571428571428571,0.8571428571428571,0.7857142857142857,0.8571428571428571,0.8095238095238094
2,stratified_S02_fold04,8,raw_all_logreg_pca80,sample,mean_prob,ok,0.10779059992637485,0.848114824335904,0.8492509919519164,0.8884839445066718,0.8492509919519164,0.8560204935616854,1.0,1.0,1.0,1.0,1.0
2,stratified_S02_fold04,8,raw_all_logreg_pca80,sample,confidence_weighted,ok,0.10779059992637485,0.848114824335904,0.8492509919519164,0.8884839445066718,0.8492509919519164,0.8560204935616854,1.0,1.0,1.0,1.0,1.0
2,stratified_S02_fold04,8,raw_all_logreg_pca80,sample,majority_vote,ok,0.10779059992637485,0.848114824335904,0.8492509919519164,0.8884839445066718,0.8492509919519164,0.8560204935616854,1.0,1.0,1.0,1.0,1.0
2,stratified_S02_fold04,8,raw_all_linear_svm_pca80,sample,mean_prob,ok,0.2147440001135692,0.9158097686375322,0.9170748674213821,0.931784986136518,0.9170748674213821,0.9160109962900481,1.0,1.0,1.0,1.0,1.0
2,stratified_S02_fold04,8,raw_all_linear_svm_pca80,sample,confidence_weighted,ok,0.2147440001135692,0.9158097686375322,0.9170748674213821,0.931784986136518,0.9170748674213821,0.9160109962900481,1.0,1.0,1.0,1.0,1.0
2,stratified_S02_fold04,8,raw_all_linear_svm_pca80,sample,majority_vote,ok,0.2147440001135692,0.9158097686375322,0.9170748674213821,0.931784986136518,0.9170748674213821,0.9160109962900481,1.0,1.0,1.0,1.0,1.0
2,stratified_S02_fold04,8,raw_all_lda_k120,sample,mean_prob,ok,0.06821479997597635,0.9524421593830334,0.9514890811202978,0.9622124371369057,0.9514890811202978,0.953126860413077,1.0,1.0,1.0,1.0,1.0
2,stratified_S02_fold04,8,raw_all_lda_k120,sample,confidence_weighted,ok,0.06821479997597635,0.9524421593830334,0.9514890811202978,0.9622124371369057,0.9514890811202978,0.953126860413077,1.0,1.0,1.0,1.0,1.0
2,stratified_S02_fold04,8,raw_all_lda_k120,sample,majority_vote,ok,0.06821479997597635,0.9524421593830334,0.9514890811202978,0.9622124371369057,0.9514890811202978,0.953126860413077,1.0,1.0,1.0,1.0,1.0
2,stratified_S02_fold04,8,raw_all_extra_trees_subset,sample,mean_prob,ok,0.2506305000279099,0.619751499571551,0.5972276581865622,0.6238368313178383,0.5972276581865622,0.5637857547006015,0.5714285714285714,0.5714285714285714,0.42857142857142855,0.5714285714285714,0.47619047619047616
2,stratified_S02_fold04,8,raw_all_extra_trees_subset,sample,confidence_weighted,ok,0.2506305000279099,0.619751499571551,0.5972276581865622,0.6238368313178383,0.5972276581865622,0.5637857547006015,0.5714285714285714,0.5714285714285714,0.42857142857142855,0.5714285714285714,0.47619047619047616
2,stratified_S02_fold04,8,raw_all_extra_trees_subset,sample,majority_vote,ok,0.2506305000279099,0.619751499571551,0.5972276581865622,0.6238368313178383,0.5972276581865622,0.5637857547006015,0.5714285714285714,0.5714285714285714,0.42857142857142855,0.5714285714285714,0.47619047619047616
2,stratified_S02_fold04,8,raw_all_hist_gb_subset,sample,mean_prob,ok,0.8365895999595523,0.8828191945158527,0.8843366427555645,0.9101471989783008,0.8843366427555645,0.8833088557220149,1.0,1.0,1.0,1.0,1.0
2,stratified_S02_fold04,8,raw_all_hist_gb_subset,sample,confidence_weighted,ok,0.8365895999595523,0.8828191945158527,0.8843366427555645,0.9101471989783008,0.8843366427555645,0.8833088557220149,1.0,1.0,1.0,1.0,1.0
2,stratified_S02_fold04,8,raw_all_hist_gb_subset,sample,majority_vote,ok,0.8365895999595523,0.8828191945158527,0.8843366427555645,0.9101471989783008,0.8843366427555645,0.8833088557220149,1.0,1.0,1.0,1.0,1.0
2,stratified_S02_fold04,8,recording_raw_logreg_k120,recording,recording_direct,ok,0.008439800003543496,1.0,1.0,1.0,1.0,1.0,1.0,1.0,1.0,1.0,1.0
2,stratified_S02_fold04,8,recording_raw_rbf_k80,recording,recording_direct,ok,0.002543899929150939,0.7000856898029134,0.7142857142857143,0.7142857142857143,0.7142857142857143,0.7142857142857143,0.7142857142857143,0.7142857142857143,0.7142857142857143,0.7142857142857143,0.7142857142857143
2,stratified_S02_fold04,8,recording_raw_extra_trees,recording,recording_direct,ok,0.1386091000167653,1.0,1.0,1.0,1.0,1.0,1.0,1.0,1.0,1.0,1.0
2,stratified_S02_fold04,8,recording_raw_xgb_k120,recording,recording_direct,ok,0.04301450005732477,0.8553984575835476,0.8571428571428571,0.7805514580733008,0.8571428571428571,0.8048213316797147,0.8571428571428571,0.8571428571428571,0.7857142857142857,0.8571428571428571,0.8095238095238095
2,stratified_S02_fold04,8,recording_raw_knn1_k80,recording,recording_direct,ok,0.0019114000024273992,1.0,1.0,1.0,1.0,1.0,1.0,1.0,1.0,1.0,1.0
2,stratified_S02_fold04,8,recording_raw_vote_k120,recording_ensemble,recording_direct,ok,0.14743429992813617,1.0,1.0,1.0,1.0,1.0,1.0,1.0,1.0,1.0,1.0
3,stratified_S03_fold01,9,raw_all_logreg_pca80,sample,mean_prob,ok,0.10975059994962066,0.00399800099950025,0.0037045612410280156,0.00724500326446368,0.0037045612410280156,0.004843216870406329,0.0,0.0,0.0,0.0,0.0
3,stratified_S03_fold01,9,raw_all_logreg_pca80,sample,confidence_weighted,ok,0.10975059994962066,0.00399800099950025,0.0037045612410280156,0.00724500326446368,0.0037045612410280156,0.004843216870406329,0.0,0.0,0.0,0.0,0.0
3,stratified_S03_fold01,9,raw_all_logreg_pca80,sample,majority_vote,ok,0.10975059994962066,0.00399800099950025,0.0037045612410280156,0.00724500326446368,0.0037045612410280156,0.004843216870406329,0.0,0.0,0.0,0.0,0.0
3,stratified_S03_fold01,9,raw_all_linear_svm_pca80,sample,mean_prob,ok,0.2119803000241518,0.002748625687156422,0.002546885853206761,0.004776378636561007,0.002546885853206761,0.0033222591362126247,0.0,0.0,0.0,0.0,0.0
3,stratified_S03_fold01,9,raw_all_linear_svm_pca80,sample,confidence_weighted,ok,0.2119803000241518,0.002748625687156422,0.002546885853206761,0.004776378636561007,0.002546885853206761,0.0033222591362126247,0.0,0.0,0.0,0.0,0.0
3,stratified_S03_fold01,9,raw_all_linear_svm_pca80,sample,majority_vote,ok,0.2119803000241518,0.002748625687156422,0.002546885853206761,0.004776378636561007,0.002546885853206761,0.0033222591362126247,0.0,0.0,0.0,0.0,0.0
3,stratified_S03_fold01,9,raw_all_lda_k120,sample,mean_prob,ok,0.0638710999628529,0.007746126936531734,0.007267156099874469,0.03752103752103752,0.007267156099874469,0.011673020856694324,0.0,0.0,0.0,0.0,0.0
3,stratified_S03_fold01,9,raw_all_lda_k120,sample,confidence_weighted,ok,0.0638710999628529,0.007746126936531734,0.007267156099874469,0.03752103752103752,0.007267156099874469,0.011673020856694324,0.0,0.0,0.0,0.0,0.0
3,stratified_S03_fold01,9,raw_all_lda_k120,sample,majority_vote,ok,0.0638710999628529,0.007746126936531734,0.007267156099874469,0.03752103752103752,0.007267156099874469,0.011673020856694324,0.0,0.0,0.0,0.0,0.0
3,stratified_S03_fold01,9,raw_all_extra_trees_subset,sample,mean_prob,ok,0.22438289993442595,0.06421789105447276,0.07101409229068803,0.040839027490862864,0.07101409229068803,0.05185633575464084,0.14285714285714285,0.14285714285714285,0.07142857142857142,0.14285714285714285,0.09523809523809523
3,stratified_S03_fold01,9,raw_all_extra_trees_subset,sample,confidence_weighted,ok,0.22438289993442595,0.06421789105447276,0.07101409229068803,0.040839027490862864,0.07101409229068803,0.05185633575464084,0.14285714285714285,0.14285714285714285,0.07142857142857142,0.14285714285714285,0.09523809523809523
3,stratified_S03_fold01,9,raw_all_extra_trees_subset,sample,majority_vote,ok,0.22438289993442595,0.06421789105447276,0.07101409229068803,0.040839027490862864,0.07101409229068803,0.05185633575464084,0.14285714285714285,0.14285714285714285,0.07142857142857142,0.14285714285714285,0.09523809523809523
3,stratified_S03_fold01,9,raw_all_hist_gb_subset,sample,mean_prob,ok,1.0642043999396265,0.10219890054972514,0.11301464492953854,0.03477891156462585,0.11301464492953854,0.0531894141361597,0.14285714285714285,0.14285714285714285,0.047619047619047616,0.14285714285714285,0.07142857142857142
3,stratified_S03_fold01,9,raw_all_hist_gb_subset,sample,confidence_weighted,ok,1.0642043999396265,0.10219890054972514,0.11301464492953854,0.03477891156462585,0.11301464492953854,0.0531894141361597,0.14285714285714285,0.14285714285714285,0.047619047619047616,0.14285714285714285,0.07142857142857142
3,stratified_S03_fold01,9,raw_all_hist_gb_subset,sample,majority_vote,ok,1.0642043999396265,0.10219890054972514,0.11301464492953854,0.03477891156462585,0.11301464492953854,0.0531894141361597,0.14285714285714285,0.14285714285714285,0.047619047619047616,0.14285714285714285,0.07142857142857142
3,stratified_S03_fold01,9,recording_raw_logreg_k120,recording,recording_direct,ok,0.0072876999620348215,0.8645677161419291,0.8571428571428571,0.7903364969801553,0.8571428571428571,0.8135456885456885,0.8571428571428571,0.8571428571428571,0.7857142857142857,0.8571428571428571,0.8095238095238095
3,stratified_S03_fold01,9,recording_raw_rbf_k80,recording,recording_direct,ok,0.002607000060379505,0.8645677161419291,0.8571428571428571,0.7903364969801553,0.8571428571428571,0.8135456885456885,0.8571428571428571,0.8571428571428571,0.7857142857142857,0.8571428571428571,0.8095238095238095
3,stratified_S03_fold01,9,recording_raw_extra_trees,recording,recording_direct,ok,0.14042349997907877,1.0,1.0,1.0,1.0,1.0,1.0,1.0,1.0,1.0,1.0
3,stratified_S03_fold01,9,recording_raw_xgb_k120,recording,recording_direct,ok,0.04219499998725951,0.7103948025987007,0.7142857142857143,0.6428571428571429,0.7142857142857143,0.6666666666666666,0.7142857142857143,0.7142857142857143,0.6428571428571429,0.7142857142857143,0.6666666666666666
3,stratified_S03_fold01,9,recording_raw_knn1_k80,recording,recording_direct,ok,0.0019407999934628606,0.8645677161419291,0.8571428571428571,0.7903364969801553,0.8571428571428571,0.8135456885456885,0.8571428571428571,0.8571428571428571,0.7857142857142857,0.8571428571428571,0.8095238095238095
3,stratified_S03_fold01,9,recording_raw_vote_k120,recording_ensemble,recording_direct,ok,0.15522150008473545,0.5749625187406296,0.5714285714285714,0.461870410923612,0.5714285714285714,0.4825803081744581,0.5714285714285714,0.5714285714285714,0.4642857142857143,0.5714285714285714,0.4857142857142857
3,stratified_S03_fold02,10,raw_all_logreg_pca80,sample,mean_prob,ok,0.1069314000196755,0.22676579925650558,0.2341188402552931,0.19813107690959147,0.2341188402552931,0.2101316464910973,0.2857142857142857,0.2857142857142857,0.19047619047619047,0.2857142857142857,0.21428571428571427
3,stratified_S03_fold02,10,raw_all_logreg_pca80,sample,confidence_weighted,ok,0.1069314000196755,0.22676579925650558,0.2341188402552931,0.19813107690959147,0.2341188402552931,0.2101316464910973,0.2857142857142857,0.2857142857142857,0.19047619047619047,0.2857142857142857,0.21428571428571427
3,stratified_S03_fold02,10,raw_all_logreg_pca80,sample,majority_vote,ok,0.1069314000196755,0.22676579925650558,0.2341188402552931,0.19813107690959147,0.2341188402552931,0.2101316464910973,0.2857142857142857,0.2857142857142857,0.19047619047619047,0.2857142857142857,0.21428571428571427
3,stratified_S03_fold02,10,raw_all_linear_svm_pca80,sample,mean_prob,ok,0.2110304000088945,0.33407682775712516,0.3433627689731953,0.23977486298120132,0.3433627689731953,0.26923084613323733,0.42857142857142855,0.42857142857142855,0.2619047619047619,0.42857142857142855,0.3095238095238095
3,stratified_S03_fold02,10,raw_all_linear_svm_pca80,sample,confidence_weighted,ok,0.2110304000088945,0.33407682775712516,0.3433627689731953,0.23977486298120132,0.3433627689731953,0.26923084613323733,0.42857142857142855,0.42857142857142855,0.2619047619047619,0.42857142857142855,0.3095238095238095
3,stratified_S03_fold02,10,raw_all_linear_svm_pca80,sample,majority_vote,ok,0.2110304000088945,0.33407682775712516,0.3433627689731953,0.23977486298120132,0.3433627689731953,0.26923084613323733,0.42857142857142855,0.42857142857142855,0.2619047619047619,0.42857142857142855,0.3095238095238095
3,stratified_S03_fold02,10,raw_all_lda_k120,sample,mean_prob,ok,0.059879900072701275,0.24287484510532836,0.2393759165385137,0.14561640739388906,0.2393759165385137,0.18084229667000598,0.2857142857142857,0.2857142857142857,0.11904761904761904,0.2857142857142857,0.16666666666666666
3,stratified_S03_fold02,10,raw_all_lda_k120,sample,confidence_weighted,ok,0.059879900072701275,0.24287484510532836,0.2393759165385137,0.14561640739388906,0.2393759165385137,0.18084229667000598,0.2857142857142857,0.2857142857142857,0.14285714285714285,0.2857142857142857,0.19047619047619047
3,stratified_S03_fold02,10,raw_all_lda_k120,sample,majority_vote,ok,0.059879900072701275,0.24287484510532836,0.2393759165385137,0.14561640739388906,0.2393759165385137,0.18084229667000598,0.2857142857142857,0.2857142857142857,0.11904761904761904,0.2857142857142857,0.16666666666666666
3,stratified_S03_fold02,10,raw_all_extra_trees_subset,sample,mean_prob,ok,0.2409192998893559,0.16902106567534078,0.1818798913263858,0.19871122073529707,0.1818798913263858,0.18618604931717128,0.14285714285714285,0.14285714285714285,0.14285714285714285,0.14285714285714285,0.14285714285714285
3,stratified_S03_fold02,10,raw_all_extra_trees_subset,sample,confidence_weighted,ok,0.2409192998893559,0.16902106567534078,0.1818798913263858,0.19871122073529707,0.1818798913263858,0.18618604931717128,0.14285714285714285,0.14285714285714285,0.14285714285714285,0.14285714285714285,0.14285714285714285
3,stratified_S03_fold02,10,raw_all_extra_trees_subset,sample,majority_vote,ok,0.2409192998893559,0.16902106567534078,0.1818798913263858,0.19871122073529707,0.1818798913263858,0.18618604931717128,0.14285714285714285,0.14285714285714285,0.14285714285714285,0.14285714285714285,0.14285714285714285
3,stratified_S03_fold02,10,raw_all_hist_gb_subset,sample,mean_prob,ok,0.9776462999871001,0.18513011152416356,0.2015960423340497,0.21601174487598312,0.2015960423340497,0.2079573632621776,0.14285714285714285,0.14285714285714285,0.14285714285714285,0.14285714285714285,0.14285714285714285
3,stratified_S03_fold02,10,raw_all_hist_gb_subset,sample,confidence_weighted,ok,0.9776462999871001,0.18513011152416356,0.2015960423340497,0.21601174487598312,0.2015960423340497,0.2079573632621776,0.14285714285714285,0.14285714285714285,0.14285714285714285,0.14285714285714285,0.14285714285714285
3,stratified_S03_fold02,10,raw_all_hist_gb_subset,sample,majority_vote,ok,0.9776462999871001,0.18513011152416356,0.2015960423340497,0.21601174487598312,0.2015960423340497,0.2079573632621776,0.14285714285714285,0.14285714285714285,0.14285714285714285,0.14285714285714285,0.14285714285714285
3,stratified_S03_fold02,10,recording_raw_logreg_k120,recording,recording_direct,ok,0.006829199963249266,0.8470879801734821,0.8571428571428571,0.7875746983876424,0.8571428571428571,0.8111632759520083,0.8571428571428571,0.8571428571428571,0.7857142857142857,0.8571428571428571,0.8095238095238095
3,stratified_S03_fold02,10,recording_raw_rbf_k80,recording,recording_direct,ok,0.0027052999939769506,0.6859975216852541,0.7142857142857143,0.6347166115803649,0.7142857142857143,0.659144893111639,0.7142857142857143,0.7142857142857143,0.6428571428571429,0.7142857142857143,0.6666666666666666
3,stratified_S03_fold02,10,recording_raw_extra_trees,recording,recording_direct,ok,0.14677600003778934,0.7189591078066915,0.7142857142857143,0.57494689143948,0.7142857142857143,0.6218196064445333,0.7142857142857143,0.7142857142857143,0.5714285714285714,0.7142857142857143,0.619047619047619
3,stratified_S03_fold02,10,recording_raw_xgb_k120,recording,recording_direct,ok,0.04257579997647554,0.6859975216852541,0.7142857142857143,0.6142304351259575,0.7142857142857143,0.6372971987604059,0.7142857142857143,0.7142857142857143,0.619047619047619,0.7142857142857143,0.6428571428571429
3,stratified_S03_fold02,10,recording_raw_knn1_k80,recording,recording_direct,ok,0.0019125000108033419,0.6859975216852541,0.7142857142857143,0.6347166115803649,0.7142857142857143,0.659144893111639,0.7142857142857143,0.7142857142857143,0.6428571428571429,0.7142857142857143,0.6666666666666666
3,stratified_S03_fold02,10,recording_raw_vote_k120,recording_ensemble,recording_direct,ok,0.15835320006590337,0.5578686493184635,0.5714285714285714,0.47242958941296237,0.5714285714285714,0.49568378009995456,0.5714285714285714,0.5714285714285714,0.47619047619047616,0.5714285714285714,0.5
3,stratified_S03_fold03,11,raw_all_logreg_pca80,sample,mean_prob,ok,0.11132490006275475,0.13228536880290206,0.14080288714975062,0.0898728411570217,0.14080288714975062,0.10197014094703592,0.14285714285714285,0.14285714285714285,0.047619047619047616,0.14285714285714285,0.07142857142857142
3,stratified_S03_fold03,11,raw_all_logreg_pca80,sample,confidence_weighted,ok,0.11132490006275475,0.13228536880290206,0.14080288714975062,0.0898728411570217,0.14080288714975062,0.10197014094703592,0.14285714285714285,0.14285714285714285,0.047619047619047616,0.14285714285714285,0.07142857142857142
3,stratified_S03_fold03,11,raw_all_logreg_pca80,sample,majority_vote,ok,0.11132490006275475,0.13228536880290206,0.14080288714975062,0.0898728411570217,0.14080288714975062,0.10197014094703592,0.14285714285714285,0.14285714285714285,0.047619047619047616,0.14285714285714285,0.07142857142857142
3,stratified_S03_fold03,11,raw_all_linear_svm_pca80,sample,mean_prob,ok,0.21564540010876954,0.20386940749697702,0.20809131827582011,0.09297716921013983,0.20809131827582011,0.1284394617602295,0.2857142857142857,0.2857142857142857,0.11904761904761904,0.2857142857142857,0.16666666666666666
3,stratified_S03_fold03,11,raw_all_linear_svm_pca80,sample,confidence_weighted,ok,0.21564540010876954,0.20386940749697702,0.20809131827582011,0.09297716921013983,0.20809131827582011,0.1284394617602295,0.2857142857142857,0.2857142857142857,0.11904761904761904,0.2857142857142857,0.16666666666666666
3,stratified_S03_fold03,11,raw_all_linear_svm_pca80,sample,majority_vote,ok,0.21564540010876954,0.20386940749697702,0.20809131827582011,0.09297716921013983,0.20809131827582011,0.1284394617602295,0.2857142857142857,0.2857142857142857,0.11904761904761904,0.2857142857142857,0.16666666666666666
3,stratified_S03_fold03,11,raw_all_lda_k120,sample,mean_prob,ok,0.05882859998382628,0.17896009673518742,0.1718778638335834,0.09997560971984856,0.1718778638335834,0.11653355899662451,0.14285714285714285,0.14285714285714285,0.047619047619047616,0.14285714285714285,0.07142857142857142
3,stratified_S03_fold03,11,raw_all_lda_k120,sample,confidence_weighted,ok,0.05882859998382628,0.17896009673518742,0.1718778638335834,0.09997560971984856,0.1718778638335834,0.11653355899662451,0.14285714285714285,0.14285714285714285,0.047619047619047616,0.14285714285714285,0.07142857142857142
3,stratified_S03_fold03,11,raw_all_lda_k120,sample,majority_vote,ok,0.05882859998382628,0.17896009673518742,0.1718778638335834,0.09997560971984856,0.1718778638335834,0.11653355899662451,0.14285714285714285,0.14285714285714285,0.047619047619047616,0.14285714285714285,0.07142857142857142
3,stratified_S03_fold03,11,raw_all_extra_trees_subset,sample,mean_prob,ok,0.23346729995682836,0.207496977025393,0.22255545192814566,0.11571922841349477,0.22255545192814566,0.13736338067645462,0.14285714285714285,0.14285714285714285,0.03571428571428571,0.14285714285714285,0.05714285714285715
3,stratified_S03_fold03,11,raw_all_extra_trees_subset,sample,confidence_weighted,ok,0.23346729995682836,0.207496977025393,0.22255545192814566,0.11571922841349477,0.22255545192814566,0.13736338067645462,0.14285714285714285,0.14285714285714285,0.03571428571428571,0.14285714285714285,0.05714285714285715
3,stratified_S03_fold03,11,raw_all_extra_trees_subset,sample,majority_vote,ok,0.23346729995682836,0.207496977025393,0.22255545192814566,0.11571922841349477,0.22255545192814566,0.13736338067645462,0.14285714285714285,0.14285714285714285,0.03571428571428571,0.14285714285714285,0.05714285714285715
3,stratified_S03_fold03,11,raw_all_hist_gb_subset,sample,mean_prob,ok,1.0069001000374556,0.12551390568319226,0.13311625643728964,0.06834218772814574,0.13311625643728964,0.08220884647132666,0.14285714285714285,0.14285714285714285,0.03571428571428571,0.14285714285714285,0.05714285714285715
3,stratified_S03_fold03,11,raw_all_hist_gb_subset,sample,confidence_weighted,ok,1.0069001000374556,0.12551390568319226,0.13311625643728964,0.06834218772814574,0.13311625643728964,0.08220884647132666,0.14285714285714285,0.14285714285714285,0.03571428571428571,0.14285714285714285,0.05714285714285715
3,stratified_S03_fold03,11,raw_all_hist_gb_subset,sample,majority_vote,ok,1.0069001000374556,0.12551390568319226,0.13311625643728964,0.06834218772814574,0.13311625643728964,0.08220884647132666,0.14285714285714285,0.14285714285714285,0.03571428571428571,0.14285714285714285,0.05714285714285715
3,stratified_S03_fold03,11,recording_raw_logreg_k120,recording,recording_direct,ok,0.00705679995007813,0.7117291414752116,0.7142857142857143,0.7142857142857143,0.7142857142857143,0.7142857142857143,0.7142857142857143,0.7142857142857143,0.7142857142857143,0.7142857142857143,0.7142857142857143
3,stratified_S03_fold03,11,recording_raw_rbf_k80,recording,recording_direct,ok,0.002651600050739944,1.0,1.0,1.0,1.0,1.0,1.0,1.0,1.0,1.0,1.0
3,stratified_S03_fold03,11,recording_raw_extra_trees,recording,recording_direct,ok,0.14094309997744858,1.0,1.0,1.0,1.0,1.0,1.0,1.0,1.0,1.0,1.0
3,stratified_S03_fold03,11,recording_raw_xgb_k120,recording,recording_direct,ok,0.041304799960926175,1.0,1.0,1.0,1.0,1.0,1.0,1.0,1.0,1.0,1.0
3,stratified_S03_fold03,11,recording_raw_knn1_k80,recording,recording_direct,ok,0.0020696999272331595,0.8689238210399033,0.8571428571428571,0.7903364969801553,0.8571428571428571,0.8135456885456885,0.8571428571428571,0.8571428571428571,0.7857142857142857,0.8571428571428571,0.8095238095238095
3,stratified_S03_fold03,11,recording_raw_vote_k120,recording_ensemble,recording_direct,ok,0.17562039999756962,0.7117291414752116,0.7142857142857143,0.6409967301837861,0.7142857142857143,0.664998483469821,0.7142857142857143,0.7142857142857143,0.6428571428571429,0.7142857142857143,0.6666666666666666
3,stratified_S03_fold04,12,raw_all_logreg_pca80,sample,mean_prob,ok,0.0992778999498114,0.02068126520681265,0.019665994889968126,0.03900117739403454,0.019665994889968126,0.01748783993144663,0.0,0.0,0.0,0.0,0.0
3,stratified_S03_fold04,12,raw_all_logreg_pca80,sample,confidence_weighted,ok,0.0992778999498114,0.02068126520681265,0.019665994889968126,0.03900117739403454,0.019665994889968126,0.01748783993144663,0.0,0.0,0.0,0.0,0.0
3,stratified_S03_fold04,12,raw_all_logreg_pca80,sample,majority_vote,ok,0.0992778999498114,0.02068126520681265,0.019665994889968126,0.03900117739403454,0.019665994889968126,0.01748783993144663,0.0,0.0,0.0,0.0,0.0
3,stratified_S03_fold04,12,raw_all_linear_svm_pca80,sample,mean_prob,ok,0.22581760003231466,0.01800486618004866,0.018100970721405908,0.02315656966045423,0.018100970721405908,0.01775062269154643,0.0,0.0,0.0,0.0,0.0
3,stratified_S03_fold04,12,raw_all_linear_svm_pca80,sample,confidence_weighted,ok,0.22581760003231466,0.01800486618004866,0.018100970721405908,0.02315656966045423,0.018100970721405908,0.01775062269154643,0.0,0.0,0.0,0.0,0.0
3,stratified_S03_fold04,12,raw_all_linear_svm_pca80,sample,majority_vote,ok,0.22581760003231466,0.01800486618004866,0.018100970721405908,0.02315656966045423,0.018100970721405908,0.01775062269154643,0.0,0.0,0.0,0.0,0.0
3,stratified_S03_fold04,12,raw_all_lda_k120,sample,mean_prob,ok,0.06396179995499551,0.020437956204379562,0.018579087039378772,0.014137552212981463,0.018579087039378772,0.01601829053138892,0.0,0.0,0.0,0.0,0.0
3,stratified_S03_fold04,12,raw_all_lda_k120,sample,confidence_weighted,ok,0.06396179995499551,0.020437956204379562,0.018579087039378772,0.014137552212981463,0.018579087039378772,0.01601829053138892,0.0,0.0,0.0,0.0,0.0
3,stratified_S03_fold04,12,raw_all_lda_k120,sample,majority_vote,ok,0.06396179995499551,0.020437956204379562,0.018579087039378772,0.014137552212981463,0.018579087039378772,0.01601829053138892,0.0,0.0,0.0,0.0,0.0
3,stratified_S03_fold04,12,raw_all_extra_trees_subset,sample,mean_prob,ok,0.23349260003305972,0.0413625304136253,0.03747571577358811,0.03682179845576538,0.03747571577358811,0.03713530495988993,0.0,0.0,0.0,0.0,0.0
3,stratified_S03_fold04,12,raw_all_extra_trees_subset,sample,confidence_weighted,ok,0.23349260003305972,0.0413625304136253,0.03747571577358811,0.03682179845576538,0.03747571577358811,0.03713530495988993,0.0,0.0,0.0,0.0,0.0
3,stratified_S03_fold04,12,raw_all_extra_trees_subset,sample,majority_vote,ok,0.23349260003305972,0.0413625304136253,0.03747571577358811,0.03682179845576538,0.03747571577358811,0.03713530495988993,0.0,0.0,0.0,0.0,0.0
3,stratified_S03_fold04,12,raw_all_hist_gb_subset,sample,mean_prob,ok,0.883724799961783,0.024574209245742093,0.0221978021978022,0.04171245421245421,0.0221978021978022,0.023061578593264954,0.0,0.0,0.0,0.0,0.0
3,stratified_S03_fold04,12,raw_all_hist_gb_subset,sample,confidence_weighted,ok,0.883724799961783,0.024574209245742093,0.0221978021978022,0.04171245421245421,0.0221978021978022,0.023061578593264954,0.0,0.0,0.0,0.0,0.0
3,stratified_S03_fold04,12,raw_all_hist_gb_subset,sample,majority_vote,ok,0.883724799961783,0.024574209245742093,0.0221978021978022,0.04171245421245421,0.0221978021978022,0.023061578593264954,0.0,0.0,0.0,0.0,0.0
3,stratified_S03_fold04,12,recording_raw_logreg_k120,recording,recording_direct,ok,0.00807599991094321,0.8681265206812652,0.8571428571428571,0.7840280588155942,0.8571428571428571,0.8080130529369107,0.8571428571428571,0.8571428571428571,0.7857142857142857,0.8571428571428571,0.8095238095238094
3,stratified_S03_fold04,12,recording_raw_rbf_k80,recording,recording_direct,ok,0.0027265999233350158,0.7099756690997567,0.7142857142857143,0.5616018132531019,0.7142857142857143,0.6100150889056926,0.7142857142857143,0.7142857142857143,0.5714285714285714,0.7142857142857143,0.619047619047619
3,stratified_S03_fold04,12,recording_raw_extra_trees,recording,recording_direct,ok,0.14561699994374067,0.8418491484184915,0.8571428571428571,0.7775737544375076,0.8571428571428571,0.8020020359687818,0.8571428571428571,0.8571428571428571,0.7857142857142857,0.8571428571428571,0.8095238095238095
3,stratified_S03_fold04,12,recording_raw_xgb_k120,recording,recording_direct,ok,0.041961199953220785,0.7180048661800487,0.7142857142857143,0.6411709159584513,0.7142857142857143,0.6651559100797678,0.7142857142857143,0.7142857142857143,0.6428571428571429,0.7142857142857143,0.6666666666666666
3,stratified_S03_fold04,12,recording_raw_knn1_k80,recording,recording_direct,ok,0.00203880004119128,0.7099756690997567,0.7142857142857143,0.5616018132531019,0.7142857142857143,0.6100150889056926,0.7142857142857143,0.7142857142857143,0.5714285714285714,0.7142857142857143,0.619047619047619
3,stratified_S03_fold04,12,recording_raw_vote_k120,recording_ensemble,recording_direct,ok,0.1629135999828577,0.7099756690997567,0.7142857142857143,0.6474793541230124,0.7142857142857143,0.6706885456885457,0.7142857142857143,0.7142857142857143,0.6428571428571429,0.7142857142857143,0.6666666666666666
4,stratified_S04_fold01,13,raw_all_logreg_pca80,sample,mean_prob,ok,0.10429320007096976,0.6442939244663383,0.6452561724577822,0.5137013131177941,0.6452561724577822,0.5659843762516917,0.7142857142857143,0.7142857142857143,0.5714285714285714,0.7142857142857143,0.619047619047619
4,stratified_S04_fold01,13,raw_all_logreg_pca80,sample,confidence_weighted,ok,0.10429320007096976,0.6442939244663383,0.6452561724577822,0.5137013131177941,0.6452561724577822,0.5659843762516917,0.7142857142857143,0.7142857142857143,0.5714285714285714,0.7142857142857143,0.619047619047619
4,stratified_S04_fold01,13,raw_all_logreg_pca80,sample,majority_vote,ok,0.10429320007096976,0.6442939244663383,0.6452561724577822,0.5137013131177941,0.6452561724577822,0.5659843762516917,0.7142857142857143,0.7142857142857143,0.5714285714285714,0.7142857142857143,0.619047619047619
4,stratified_S04_fold01,13,raw_all_linear_svm_pca80,sample,mean_prob,ok,0.21771079988684505,0.5821018062397373,0.5830608069314546,0.46074453028938395,0.5830608069314546,0.5048575109446535,0.7142857142857143,0.7142857142857143,0.5714285714285714,0.7142857142857143,0.619047619047619
4,stratified_S04_fold01,13,raw_all_linear_svm_pca80,sample,confidence_weighted,ok,0.21771079988684505,0.5821018062397373,0.5830608069314546,0.46074453028938395,0.5830608069314546,0.5048575109446535,0.7142857142857143,0.7142857142857143,0.5714285714285714,0.7142857142857143,0.619047619047619
4,stratified_S04_fold01,13,raw_all_linear_svm_pca80,sample,majority_vote,ok,0.21771079988684505,0.5821018062397373,0.5830608069314546,0.46074453028938395,0.5830608069314546,0.5048575109446535,0.7142857142857143,0.7142857142857143,0.5714285714285714,0.7142857142857143,0.619047619047619
4,stratified_S04_fold01,13,raw_all_lda_k120,sample,mean_prob,ok,0.07077640003990382,0.5194991789819376,0.5225988700564972,0.49800225453076263,0.5225988700564972,0.4991404692591403,0.5714285714285714,0.5714285714285714,0.5714285714285714,0.5714285714285714,0.5714285714285714
4,stratified_S04_fold01,13,raw_all_lda_k120,sample,confidence_weighted,ok,0.07077640003990382,0.5194991789819376,0.5225988700564972,0.49800225453076263,0.5225988700564972,0.4991404692591403,0.5714285714285714,0.5714285714285714,0.5714285714285714,0.5714285714285714,0.5714285714285714
4,stratified_S04_fold01,13,raw_all_lda_k120,sample,majority_vote,ok,0.07077640003990382,0.5194991789819376,0.5225988700564972,0.49800225453076263,0.5225988700564972,0.4991404692591403,0.5714285714285714,0.5714285714285714,0.5714285714285714,0.5714285714285714,0.5714285714285714
4,stratified_S04_fold01,13,raw_all_extra_trees_subset,sample,mean_prob,ok,0.25758430000860244,0.5437192118226601,0.545234077451116,0.5410773945985154,0.545234077451116,0.4770409065413505,0.5714285714285714,0.5714285714285714,0.42857142857142855,0.5714285714285714,0.47619047619047616
4,stratified_S04_fold01,13,raw_all_extra_trees_subset,sample,confidence_weighted,ok,0.25758430000860244,0.5437192118226601,0.545234077451116,0.5410773945985154,0.545234077451116,0.4770409065413505,0.5714285714285714,0.5714285714285714,0.42857142857142855,0.5714285714285714,0.47619047619047616
4,stratified_S04_fold01,13,raw_all_extra_trees_subset,sample,majority_vote,ok,0.25758430000860244,0.5437192118226601,0.545234077451116,0.5410773945985154,0.545234077451116,0.4770409065413505,0.5714285714285714,0.5714285714285714,0.42857142857142855,0.5714285714285714,0.47619047619047616
4,stratified_S04_fold01,13,raw_all_hist_gb_subset,sample,mean_prob,ok,0.9786360999569297,0.6139162561576355,0.6154156577885391,0.5202454336036555,0.6154156577885391,0.5552226853539469,0.5714285714285714,0.5714285714285714,0.5,0.5714285714285714,0.5238095238095238
4,stratified_S04_fold01,13,raw_all_hist_gb_subset,sample,confidence_weighted,ok,0.9786360999569297,0.6139162561576355,0.6154156577885391,0.5202454336036555,0.6154156577885391,0.5552226853539469,0.5714285714285714,0.5714285714285714,0.5,0.5714285714285714,0.5238095238095238
4,stratified_S04_fold01,13,raw_all_hist_gb_subset,sample,majority_vote,ok,0.9786360999569297,0.6139162561576355,0.6154156577885391,0.5202454336036555,0.6154156577885391,0.5552226853539469,0.5714285714285714,0.5714285714285714,0.5,0.5714285714285714,0.5238095238095238
4,stratified_S04_fold01,13,recording_raw_logreg_k120,recording,recording_direct,ok,0.00991179991979152,0.5691707717569786,0.5714285714285714,0.4045560587347331,0.5714285714285714,0.452149125066543,0.5714285714285714,0.5714285714285714,0.40476190476190477,0.5714285714285714,0.4523809523809524
4,stratified_S04_fold01,13,recording_raw_rbf_k80,recording,recording_direct,ok,0.002653099945746362,0.7093596059113301,0.7142857142857143,0.5705606045134279,0.7142857142857143,0.6182729551150603,0.7142857142857143,0.7142857142857143,0.5714285714285714,0.7142857142857143,0.619047619047619
4,stratified_S04_fold01,13,recording_raw_extra_trees,recording,recording_direct,ok,0.15408499992918223,0.854679802955665,0.8571428571428571,0.7857142857142857,0.8571428571428571,0.8095238095238094,0.8571428571428571,0.8571428571428571,0.7857142857142857,0.8571428571428571,0.8095238095238094
4,stratified_S04_fold01,13,recording_raw_xgb_k120,recording,recording_direct,ok,0.042518400005064905,0.7144909688013136,0.7142857142857143,0.6428571428571429,0.7142857142857143,0.6666666666666666,0.7142857142857143,0.7142857142857143,0.6428571428571429,0.7142857142857143,0.6666666666666666
4,stratified_S04_fold01,13,recording_raw_knn1_k80,recording,recording_direct,ok,0.0019506000680848956,0.7093596059113301,0.7142857142857143,0.5705606045134279,0.7142857142857143,0.6182729551150603,0.7142857142857143,0.7142857142857143,0.5714285714285714,0.7142857142857143,0.619047619047619
4,stratified_S04_fold01,13,recording_raw_vote_k120,recording_ensemble,recording_direct,ok,0.16380410001147538,0.7093596059113301,0.7142857142857143,0.5701448084625654,0.7142857142857143,0.617899618863939,0.7142857142857143,0.7142857142857143,0.5714285714285714,0.7142857142857143,0.619047619047619
4,stratified_S04_fold02,14,raw_all_logreg_pca80,sample,mean_prob,ok,0.10833720001392066,0.8439861139473147,0.8439230369971228,0.8485248229285639,0.8439230369971228,0.8401357093859643,1.0,1.0,1.0,1.0,1.0
4,stratified_S04_fold02,14,raw_all_logreg_pca80,sample,confidence_weighted,ok,0.10833720001392066,0.8439861139473147,0.8439230369971228,0.8485248229285639,0.8439230369971228,0.8401357093859643,1.0,1.0,1.0,1.0,1.0
4,stratified_S04_fold02,14,raw_all_logreg_pca80,sample,majority_vote,ok,0.10833720001392066,0.8439861139473147,0.8439230369971228,0.8485248229285639,0.8439230369971228,0.8401357093859643,1.0,1.0,1.0,1.0,1.0
4,stratified_S04_fold02,14,raw_all_linear_svm_pca80,sample,mean_prob,ok,0.2383545000338927,0.7153359199509904,0.7168048854476927,0.7910128953935394,0.7168048854476927,0.6757662559745816,0.8571428571428571,0.8571428571428571,0.7857142857142857,0.8571428571428571,0.8095238095238095
4,stratified_S04_fold02,14,raw_all_linear_svm_pca80,sample,confidence_weighted,ok,0.2383545000338927,0.7153359199509904,0.7168048854476927,0.7910128953935394,0.7168048854476927,0.6757662559745816,0.8571428571428571,0.8571428571428571,0.7857142857142857,0.8571428571428571,0.8095238095238095
4,stratified_S04_fold02,14,raw_all_linear_svm_pca80,sample,majority_vote,ok,0.2383545000338927,0.7153359199509904,0.7168048854476927,0.7910128953935394,0.7168048854476927,0.6757662559745816,0.8571428571428571,0.8571428571428571,0.7857142857142857,0.8571428571428571,0.8095238095238095
4,stratified_S04_fold02,14,raw_all_lda_k120,sample,mean_prob,ok,0.07417740009259433,0.7614866244639575,0.7602482293934801,0.8372486004938958,0.7602482293934801,0.7318848129827057,0.7142857142857143,0.7142857142857143,0.5714285714285714,0.7142857142857143,0.619047619047619
4,stratified_S04_fold02,14,raw_all_lda_k120,sample,confidence_weighted,ok,0.07417740009259433,0.7614866244639575,0.7602482293934801,0.8372486004938958,0.7602482293934801,0.7318848129827057,0.7142857142857143,0.7142857142857143,0.5714285714285714,0.7142857142857143,0.619047619047619
4,stratified_S04_fold02,14,raw_all_lda_k120,sample,majority_vote,ok,0.07417740009259433,0.7614866244639575,0.7602482293934801,0.8372486004938958,0.7602482293934801,0.7318848129827057,0.7142857142857143,0.7142857142857143,0.5714285714285714,0.7142857142857143,0.619047619047619
4,stratified_S04_fold02,14,raw_all_extra_trees_subset,sample,mean_prob,ok,0.2670379000483081,0.7188074331223198,0.7171105730427764,0.6591766791834078,0.7171105730427764,0.6743600406265797,0.8571428571428571,0.8571428571428571,0.7857142857142857,0.8571428571428571,0.8095238095238094
4,stratified_S04_fold02,14,raw_all_extra_trees_subset,sample,confidence_weighted,ok,0.2670379000483081,0.7188074331223198,0.7171105730427764,0.6591766791834078,0.7171105730427764,0.6743600406265797,0.8571428571428571,0.8571428571428571,0.7857142857142857,0.8571428571428571,0.8095238095238094
4,stratified_S04_fold02,14,raw_all_extra_trees_subset,sample,majority_vote,ok,0.2670379000483081,0.7188074331223198,0.7171105730427764,0.6591766791834078,0.7171105730427764,0.6743600406265797,0.7142857142857143,0.7142857142857143,0.6428571428571429,0.7142857142857143,0.6666666666666666
4,stratified_S04_fold02,14,raw_all_hist_gb_subset,sample,mean_prob,ok,0.891252400004305,0.9240351235450276,0.9247252838152905,0.9427540036417412,0.9247252838152905,0.9218505079616748,1.0,1.0,1.0,1.0,1.0
4,stratified_S04_fold02,14,raw_all_hist_gb_subset,sample,confidence_weighted,ok,0.891252400004305,0.9240351235450276,0.9247252838152905,0.9427540036417412,0.9247252838152905,0.9218505079616748,1.0,1.0,1.0,1.0,1.0
4,stratified_S04_fold02,14,raw_all_hist_gb_subset,sample,majority_vote,ok,0.891252400004305,0.9240351235450276,0.9247252838152905,0.9427540036417412,0.9247252838152905,0.9218505079616748,1.0,1.0,1.0,1.0,1.0
4,stratified_S04_fold02,14,recording_raw_logreg_k120,recording,recording_direct,ok,0.009066500002518296,1.0,1.0,1.0,1.0,1.0,1.0,1.0,1.0,1.0,1.0
4,stratified_S04_fold02,14,recording_raw_rbf_k80,recording,recording_direct,ok,0.002665499923750758,1.0,1.0,1.0,1.0,1.0,1.0,1.0,1.0,1.0,1.0
4,stratified_S04_fold02,14,recording_raw_extra_trees,recording,recording_direct,ok,0.1456091000000015,1.0,1.0,1.0,1.0,1.0,1.0,1.0,1.0,1.0,1.0
4,stratified_S04_fold02,14,recording_raw_xgb_k120,recording,recording_direct,ok,0.04212800005916506,1.0,1.0,1.0,1.0,1.0,1.0,1.0,1.0,1.0,1.0
4,stratified_S04_fold02,14,recording_raw_knn1_k80,recording,recording_direct,ok,0.001988900010474026,1.0,1.0,1.0,1.0,1.0,1.0,1.0,1.0,1.0,1.0
4,stratified_S04_fold02,14,recording_raw_vote_k120,recording_ensemble,recording_direct,ok,0.15936530008912086,1.0,1.0,1.0,1.0,1.0,1.0,1.0,1.0,1.0,1.0
4,stratified_S04_fold03,15,raw_all_logreg_pca80,sample,mean_prob,ok,0.17311690002679825,0.44160359991818365,0.43575913130718696,0.454544138346159,0.43575913130718696,0.4281073836363262,0.5714285714285714,0.5714285714285714,0.5714285714285714,0.5714285714285714,0.5714285714285714
4,stratified_S04_fold03,15,raw_all_logreg_pca80,sample,confidence_weighted,ok,0.17311690002679825,0.44160359991818365,0.43575913130718696,0.454544138346159,0.43575913130718696,0.4281073836363262,0.5714285714285714,0.5714285714285714,0.5714285714285714,0.5714285714285714,0.5714285714285714
4,stratified_S04_fold03,15,raw_all_logreg_pca80,sample,majority_vote,ok,0.17311690002679825,0.44160359991818365,0.43575913130718696,0.454544138346159,0.43575913130718696,0.4281073836363262,0.5714285714285714,0.5714285714285714,0.5714285714285714,0.5714285714285714,0.5714285714285714
4,stratified_S04_fold03,15,raw_all_linear_svm_pca80,sample,mean_prob,ok,0.2724885999923572,0.5271016567805277,0.5199757869249394,0.4827491583266604,0.5199757869249394,0.4983763591253478,0.5714285714285714,0.5714285714285714,0.5714285714285714,0.5714285714285714,0.5714285714285714
4,stratified_S04_fold03,15,raw_all_linear_svm_pca80,sample,confidence_weighted,ok,0.2724885999923572,0.5271016567805277,0.5199757869249394,0.4827491583266604,0.5199757869249394,0.4983763591253478,0.5714285714285714,0.5714285714285714,0.5714285714285714,0.5714285714285714,0.5714285714285714
4,stratified_S04_fold03,15,raw_all_linear_svm_pca80,sample,majority_vote,ok,0.2724885999923572,0.5271016567805277,0.5199757869249394,0.4827491583266604,0.5199757869249394,0.4983763591253478,0.5714285714285714,0.5714285714285714,0.5714285714285714,0.5714285714285714,0.5714285714285714
4,stratified_S04_fold03,15,raw_all_lda_k120,sample,mean_prob,ok,0.07121880003251135,0.6097361423604009,0.6066681677703002,0.628296382392295,0.6066681677703002,0.5592651884763443,0.5714285714285714,0.5714285714285714,0.42857142857142855,0.5714285714285714,0.47619047619047616
4,stratified_S04_fold03,15,raw_all_lda_k120,sample,confidence_weighted,ok,0.07121880003251135,0.6097361423604009,0.6066681677703002,0.628296382392295,0.6066681677703002,0.5592651884763443,0.7142857142857143,0.7142857142857143,0.5714285714285714,0.7142857142857143,0.619047619047619
4,stratified_S04_fold03,15,raw_all_lda_k120,sample,majority_vote,ok,0.07121880003251135,0.6097361423604009,0.6066681677703002,0.628296382392295,0.6066681677703002,0.5592651884763443,0.5714285714285714,0.5714285714285714,0.42857142857142855,0.5714285714285714,0.47619047619047616
4,stratified_S04_fold03,15,raw_all_extra_trees_subset,sample,mean_prob,ok,0.25501470000017434,0.5099202290857026,0.5030266343825666,0.41398612155291886,0.5030266343825666,0.43611635059910114,0.5714285714285714,0.5714285714285714,0.4761904761904762,0.5714285714285714,0.5
4,stratified_S04_fold03,15,raw_all_extra_trees_subset,sample,confidence_weighted,ok,0.25501470000017434,0.5099202290857026,0.5030266343825666,0.41398612155291886,0.5030266343825666,0.43611635059910114,0.5714285714285714,0.5714285714285714,0.4761904761904762,0.5714285714285714,0.5
4,stratified_S04_fold03,15,raw_all_extra_trees_subset,sample,majority_vote,ok,0.25501470000017434,0.5099202290857026,0.5030266343825666,0.41398612155291886,0.5030266343825666,0.43611635059910114,0.5714285714285714,0.5714285714285714,0.4761904761904762,0.5714285714285714,0.5
4,stratified_S04_fold03,15,raw_all_hist_gb_subset,sample,mean_prob,ok,0.8727050999877974,0.6179177745960319,0.6124371777646215,0.5345740839339521,0.6124371777646215,0.5613615308532052,0.7142857142857143,0.7142857142857143,0.6428571428571429,0.7142857142857143,0.6666666666666666
4,stratified_S04_fold03,15,raw_all_hist_gb_subset,sample,confidence_weighted,ok,0.8727050999877974,0.6179177745960319,0.6124371777646215,0.5345740839339521,0.6124371777646215,0.5613615308532052,0.7142857142857143,0.7142857142857143,0.6428571428571429,0.7142857142857143,0.6666666666666666
4,stratified_S04_fold03,15,raw_all_hist_gb_subset,sample,majority_vote,ok,0.8727050999877974,0.6179177745960319,0.6124371777646215,0.5345740839339521,0.6124371777646215,0.5613615308532052,0.7142857142857143,0.7142857142857143,0.6428571428571429,0.7142857142857143,0.6666666666666666
4,stratified_S04_fold03,15,recording_raw_logreg_k120,recording,recording_direct,ok,0.012029999983496964,1.0,1.0,1.0,1.0,1.0,1.0,1.0,1.0,1.0,1.0
4,stratified_S04_fold03,15,recording_raw_rbf_k80,recording,recording_direct,ok,0.0026508000446483493,0.43444467171200657,0.42857142857142855,0.42857142857142855,0.42857142857142855,0.42857142857142855,0.42857142857142855,0.42857142857142855,0.42857142857142855,0.42857142857142855,0.42857142857142855
4,stratified_S04_fold03,15,recording_raw_extra_trees,recording,recording_direct,ok,0.14311580010689795,1.0,1.0,1.0,1.0,1.0,1.0,1.0,1.0,1.0,1.0
4,stratified_S04_fold03,15,recording_raw_xgb_k120,recording,recording_direct,ok,0.043196699931286275,0.7189609327060749,0.7142857142857143,0.6441409058231489,0.7142857142857143,0.6678009936704553,0.7142857142857143,0.7142857142857143,0.6428571428571429,0.7142857142857143,0.6666666666666666
4,stratified_S04_fold03,15,recording_raw_knn1_k80,recording,recording_direct,ok,0.0019965999526903033,1.0,1.0,1.0,1.0,1.0,1.0,1.0,1.0,1.0,1.0
4,stratified_S04_fold03,15,recording_raw_vote_k120,recording_ensemble,recording_direct,ok,0.1578012000536546,0.7154837390059317,0.7142857142857143,0.5727123343945774,0.7142857142857143,0.6201819460514076,0.7142857142857143,0.7142857142857143,0.5714285714285714,0.7142857142857143,0.619047619047619
4,stratified_S04_fold04,16,raw_all_logreg_pca80,sample,mean_prob,ok,0.12013900000602007,0.6750821018062397,0.6788454483471388,0.7497948652735091,0.6788454483471388,0.671310722274241,0.8571428571428571,0.8571428571428571,0.7857142857142857,0.8571428571428571,0.8095238095238094
4,stratified_S04_fold04,16,raw_all_logreg_pca80,sample,confidence_weighted,ok,0.12013900000602007,0.6750821018062397,0.6788454483471388,0.7497948652735091,0.6788454483471388,0.671310722274241,0.8571428571428571,0.8571428571428571,0.7857142857142857,0.8571428571428571,0.8095238095238094
4,stratified_S04_fold04,16,raw_all_logreg_pca80,sample,majority_vote,ok,0.12013900000602007,0.6750821018062397,0.6788454483471388,0.7497948652735091,0.6788454483471388,0.671310722274241,0.8571428571428571,0.8571428571428571,0.7857142857142857,0.8571428571428571,0.8095238095238094
4,stratified_S04_fold04,16,raw_all_linear_svm_pca80,sample,mean_prob,ok,0.24370140000246465,0.7413793103448276,0.7453931879890769,0.7640847245736321,0.7453931879890769,0.7205817242980219,0.7142857142857143,0.7142857142857143,0.6190476190476192,0.7142857142857143,0.6428571428571429
4,stratified_S04_fold04,16,raw_all_linear_svm_pca80,sample,confidence_weighted,ok,0.24370140000246465,0.7413793103448276,0.7453931879890769,0.7640847245736321,0.7453931879890769,0.7205817242980219,0.7142857142857143,0.7142857142857143,0.6190476190476192,0.7142857142857143,0.6428571428571429
4,stratified_S04_fold04,16,raw_all_linear_svm_pca80,sample,majority_vote,ok,0.24370140000246465,0.7413793103448276,0.7453931879890769,0.7640847245736321,0.7453931879890769,0.7205817242980219,0.8571428571428571,0.8571428571428571,0.7857142857142857,0.8571428571428571,0.8095238095238094
4,stratified_S04_fold04,16,raw_all_lda_k120,sample,mean_prob,ok,0.07701789995189756,0.7660098522167488,0.7671027738092284,0.7827422231028335,0.7671027738092284,0.745491118571615,0.7142857142857143,0.7142857142857143,0.6428571428571429,0.7142857142857143,0.6666666666666666
4,stratified_S04_fold04,16,raw_all_lda_k120,sample,confidence_weighted,ok,0.07701789995189756,0.7660098522167488,0.7671027738092284,0.7827422231028335,0.7671027738092284,0.745491118571615,0.7142857142857143,0.7142857142857143,0.6428571428571429,0.7142857142857143,0.6666666666666666
4,stratified_S04_fold04,16,raw_all_lda_k120,sample,majority_vote,ok,0.07701789995189756,0.7660098522167488,0.7671027738092284,0.7827422231028335,0.7671027738092284,0.745491118571615,0.7142857142857143,0.7142857142857143,0.6428571428571429,0.7142857142857143,0.6666666666666666
4,stratified_S04_fold04,16,raw_all_extra_trees_subset,sample,mean_prob,ok,0.2623234000056982,0.48440065681444994,0.48309516128460467,0.4817812419471755,0.48309516128460467,0.39195004907200354,0.5714285714285714,0.5714285714285714,0.42857142857142855,0.5714285714285714,0.47619047619047616
4,stratified_S04_fold04,16,raw_all_extra_trees_subset,sample,confidence_weighted,ok,0.2623234000056982,0.48440065681444994,0.48309516128460467,0.4817812419471755,0.48309516128460467,0.39195004907200354,0.5714285714285714,0.5714285714285714,0.42857142857142855,0.5714285714285714,0.47619047619047616
4,stratified_S04_fold04,16,raw_all_extra_trees_subset,sample,majority_vote,ok,0.2623234000056982,0.48440065681444994,0.48309516128460467,0.4817812419471755,0.48309516128460467,0.39195004907200354,0.5714285714285714,0.5714285714285714,0.42857142857142855,0.5714285714285714,0.47619047619047616
4,stratified_S04_fold04,16,raw_all_hist_gb_subset,sample,mean_prob,ok,0.8465952000115067,0.6194581280788177,0.6191058178737162,0.7067328447670126,0.6191058178737162,0.5777394856433258,0.5714285714285714,0.5714285714285714,0.42857142857142855,0.5714285714285714,0.47619047619047616
4,stratified_S04_fold04,16,raw_all_hist_gb_subset,sample,confidence_weighted,ok,0.8465952000115067,0.6194581280788177,0.6191058178737162,0.7067328447670126,0.6191058178737162,0.5777394856433258,0.5714285714285714,0.5714285714285714,0.42857142857142855,0.5714285714285714,0.47619047619047616
4,stratified_S04_fold04,16,raw_all_hist_gb_subset,sample,majority_vote,ok,0.8465952000115067,0.6194581280788177,0.6191058178737162,0.7067328447670126,0.6191058178737162,0.5777394856433258,0.7142857142857143,0.7142857142857143,0.6428571428571429,0.7142857142857143,0.6666666666666666
4,stratified_S04_fold04,16,recording_raw_logreg_k120,recording,recording_direct,ok,0.009732899954542518,0.854679802955665,0.8571428571428571,0.7848463187991422,0.8571428571428571,0.8087491455912509,0.8571428571428571,0.8571428571428571,0.7857142857142857,0.8571428571428571,0.8095238095238094
4,stratified_S04_fold04,16,recording_raw_rbf_k80,recording,recording_direct,ok,0.0027401000261306763,0.4273399014778325,0.42857142857142855,0.3331274873061617,0.42857142857142855,0.3569110298284478,0.42857142857142855,0.42857142857142855,0.3333333333333333,0.42857142857142855,0.35714285714285715
4,stratified_S04_fold04,16,recording_raw_extra_trees,recording,recording_direct,ok,0.13655480009038,0.854679802955665,0.8571428571428571,0.7848463187991422,0.8571428571428571,0.8087491455912509,0.8571428571428571,0.8571428571428571,0.7857142857142857,0.8571428571428571,0.8095238095238094
4,stratified_S04_fold04,16,recording_raw_xgb_k120,recording,recording_direct,ok,0.041386199998669326,0.7144909688013136,0.7142857142857143,0.571844367479434,0.7142857142857143,0.619407282118849,0.7142857142857143,0.7142857142857143,0.5714285714285714,0.7142857142857143,0.619047619047619
4,stratified_S04_fold04,16,recording_raw_knn1_k80,recording,recording_direct,ok,0.0019851999823004007,0.854679802955665,0.8571428571428571,0.7848463187991422,0.8571428571428571,0.8087491455912509,0.8571428571428571,0.8571428571428571,0.7857142857142857,0.8571428571428571,0.8095238095238094
4,stratified_S04_fold04,16,recording_raw_vote_k120,recording_ensemble,recording_direct,ok,0.15984969993587583,0.854679802955665,0.8571428571428571,0.7848463187991422,0.8571428571428571,0.8087491455912509,0.8571428571428571,0.8571428571428571,0.7857142857142857,0.8571428571428571,0.8095238095238094
