subject_id,source_file,condition,recording_id,action_label,action_name,start_index,end_index,sample_count,duration_seconds,sampling_rate,channel_count,label_column,usable_status,boundary_rule
1,data/limb/subject01/StaticP1/subject1_limb_EMG.mat,StaticP1,S01_StaticP1_seg0001,1,HandOpen,1,15120,15120,12.0,1260.0,42,43,usable_active_action,original contiguous label run; do not cross this boundary when windowing
1,data/limb/subject01/StaticP1/subject1_limb_EMG.mat,StaticP1,S01_StaticP1_seg0002,2,Lateral grip,15121,30240,15120,12.0,1260.0,42,43,usable_active_action,original contiguous label run; do not cross this boundary when windowing
1,data/limb/subject01/StaticP1/subject1_limb_EMG.mat,StaticP1,S01_StaticP1_seg0003,3,Pinch grip,30241,45360,15120,12.0,1260.0,42,43,usable_active_action,original contiguous label run; do not cross this boundary when windowing
1,data/limb/subject01/StaticP1/subject1_limb_EMG.mat,StaticP1,S01_StaticP1_seg0004,4,Power grip,45361,60480,15120,12.0,1260.0,42,43,usable_active_action,original contiguous label run; do not cross this boundary when windowing
1,data/limb/subject01/StaticP1/subject1_limb_EMG.mat,StaticP1,S01_StaticP1_seg0005,5,Rest,60481,75600,15120,12.0,1260.0,42,43,usable_rest,original contiguous label run; do not cross this boundary when windowing
1,data/limb/subject01/StaticP2/subject1_limb_EMG.mat,StaticP2,S01_StaticP2_seg0001,1,HandOpen,1,15120,15120,12.0,1260.0,42,43,usable_active_action,original contiguous label run; do not cross this boundary when windowing
1,data/limb/subject01/StaticP2/subject1_limb_EMG.mat,StaticP2,S01_StaticP2_seg0002,2,Lateral grip,15121,30240,15120,12.0,1260.0,42,43,usable_active_action,original contiguous label run; do not cross this boundary when windowing
1,data/limb/subject01/StaticP2/subject1_limb_EMG.mat,StaticP2,S01_StaticP2_seg0003,3,Pinch grip,30241,45360,15120,12.0,1260.0,42,43,usable_active_action,original contiguous label run; do not cross this boundary when windowing
1,data/limb/subject01/StaticP2/subject1_limb_EMG.mat,StaticP2,S01_StaticP2_seg0004,4,Power grip,45361,60480,15120,12.0,1260.0,42,43,usable_active_action,original contiguous label run; do not cross this boundary when windowing
1,data/limb/subject01/StaticP2/subject1_limb_EMG.mat,StaticP2,S01_StaticP2_seg0005,5,Rest,60481,75600,15120,12.0,1260.0,42,43,usable_rest,original contiguous label run; do not cross this boundary when windowing
1,data/limb/subject01/StaticP3/subject1_limb_EMG.mat,StaticP3,S01_StaticP3_seg0001,1,HandOpen,1,15120,15120,12.0,1260.0,42,43,usable_active_action,original contiguous label run; do not cross this boundary when windowing
1,data/limb/subject01/StaticP3/subject1_limb_EMG.mat,StaticP3,S01_StaticP3_seg0002,2,Lateral grip,15121,30240,15120,12.0,1260.0,42,43,usable_active_action,original contiguous label run; do not cross this boundary when windowing
1,data/limb/subject01/StaticP3/subject1_limb_EMG.mat,StaticP3,S01_StaticP3_seg0003,3,Pinch grip,30241,45360,15120,12.0,1260.0,42,43,usable_active_action,original contiguous label run; do not cross this boundary when windowing
1,data/limb/subject01/StaticP3/subject1_limb_EMG.mat,StaticP3,S01_StaticP3_seg0004,4,Power grip,45361,60480,15120,12.0,1260.0,42,43,usable_active_action,original contiguous label run; do not cross this boundary when windowing
1,data/limb/subject01/StaticP3/subject1_limb_EMG.mat,StaticP3,S01_StaticP3_seg0005,5,Rest,60481,75600,15120,12.0,1260.0,42,43,usable_rest,original contiguous label run; do not cross this boundary when windowing
1,data/limb/subject01/StaticP4/subject1_limb_EMG.mat,StaticP4,S01_StaticP4_seg0001,1,HandOpen,1,15120,15120,12.0,1260.0,42,43,usable_active_action,original contiguous label run; do not cross this boundary when windowing
1,data/limb/subject01/StaticP4/subject1_limb_EMG.mat,StaticP4,S01_StaticP4_seg0002,2,Lateral grip,15121,30240,15120,12.0,1260.0,42,43,usable_active_action,original contiguous label run; do not cross this boundary when windowing
1,data/limb/subject01/StaticP4/subject1_limb_EMG.mat,StaticP4,S01_StaticP4_seg0003,3,Pinch grip,30241,45360,15120,12.0,1260.0,42,43,usable_active_action,original contiguous label run; do not cross this boundary when windowing
1,data/limb/subject01/StaticP4/subject1_limb_EMG.mat,StaticP4,S01_StaticP4_seg0004,4,Power grip,45361,60480,15120,12.0,1260.0,42,43,usable_active_action,original contiguous label run; do not cross this boundary when windowing
1,data/limb/subject01/StaticP4/subject1_limb_EMG.mat,StaticP4,S01_StaticP4_seg0005,5,Rest,60481,75600,15120,12.0,1260.0,42,43,usable_rest,original contiguous label run; do not cross this boundary when windowing
1,data/limb/subject01/StaticP9/subject1_limb_EMG.mat,StaticP9,S01_StaticP9_seg0001,1,HandOpen,1,15120,15120,12.0,1260.0,42,43,usable_active_action,original contiguous label run; do not cross this boundary when windowing
1,data/limb/subject01/StaticP9/subject1_limb_EMG.mat,StaticP9,S01_StaticP9_seg0002,2,Lateral grip,15121,30240,15120,12.0,1260.0,42,43,usable_active_action,original contiguous label run; do not cross this boundary when windowing
1,data/limb/subject01/StaticP9/subject1_limb_EMG.mat,StaticP9,S01_StaticP9_seg0003,3,Pinch grip,30241,45360,15120,12.0,1260.0,42,43,usable_active_action,original contiguous label run; do not cross this boundary when windowing
1,data/limb/subject01/StaticP9/subject1_limb_EMG.mat,StaticP9,S01_StaticP9_seg0004,4,Power grip,45361,60480,15120,12.0,1260.0,42,43,usable_active_action,original contiguous label run; do not cross this boundary when windowing
1,data/limb/subject01/StaticP9/subject1_limb_EMG.mat,StaticP9,S01_StaticP9_seg0005,5,Rest,60481,75600,15120,12.0,1260.0,42,43,usable_rest,original contiguous label run; do not cross this boundary when windowing
1,data/limb/subject01/StaticP10/subject1_limb_EMG.mat,StaticP10,S01_StaticP10_seg0001,1,HandOpen,1,15120,15120,12.0,1260.0,42,43,usable_active_action,original contiguous label run; do not cross this boundary when windowing
1,data/limb/subject01/StaticP10/subject1_limb_EMG.mat,StaticP10,S01_StaticP10_seg0002,2,Lateral grip,15121,30240,15120,12.0,1260.0,42,43,usable_active_action,original contiguous label run; do not cross this boundary when windowing
1,data/limb/subject01/StaticP10/subject1_limb_EMG.mat,StaticP10,S01_StaticP10_seg0003,3,Pinch grip,30241,45360,15120,12.0,1260.0,42,43,usable_active_action,original contiguous label run; do not cross this boundary when windowing
1,data/limb/subject01/StaticP10/subject1_limb_EMG.mat,StaticP10,S01_StaticP10_seg0004,4,Power grip,45361,60480,15120,12.0,1260.0,42,43,usable_active_action,original contiguous label run; do not cross this boundary when windowing
1,data/limb/subject01/StaticP10/subject1_limb_EMG.mat,StaticP10,S01_StaticP10_seg0005,5,Rest,60481,75600,15120,12.0,1260.0,42,43,usable_rest,original contiguous label run; do not cross this boundary when windowing
1,data/limb/subject01/StaticP14/subject1_limb_EMG.mat,StaticP14,S01_StaticP14_seg0001,1,HandOpen,1,15120,15120,12.0,1260.0,42,43,usable_active_action,original contiguous label run; do not cross this boundary when windowing
1,data/limb/subject01/StaticP14/subject1_limb_EMG.mat,StaticP14,S01_StaticP14_seg0002,2,Lateral grip,15121,30240,15120,12.0,1260.0,42,43,usable_active_action,original contiguous label run; do not cross this boundary when windowing
1,data/limb/subject01/StaticP14/subject1_limb_EMG.mat,StaticP14,S01_StaticP14_seg0003,3,Pinch grip,30241,45360,15120,12.0,1260.0,42,43,usable_active_action,original contiguous label run; do not cross this boundary when windowing
1,data/limb/subject01/StaticP14/subject1_limb_EMG.mat,StaticP14,S01_StaticP14_seg0004,4,Power grip,45361,60480,15120,12.0,1260.0,42,43,usable_active_action,original contiguous label run; do not cross this boundary when windowing
1,data/limb/subject01/StaticP14/subject1_limb_EMG.mat,StaticP14,S01_StaticP14_seg0005,5,Rest,60481,75600,15120,12.0,1260.0,42,43,usable_rest,original contiguous label run; do not cross this boundary when windowing
1,data/limb/subject01/Dynamic/subject1_limb_EMG.mat,Dynamic,S01_Dynamic_seg0001,1,HandOpen,1,122358,122358,97.109524,1260.0,42,43,usable_active_action,original contiguous label run; do not cross this boundary when windowing
1,data/limb/subject01/Dynamic/subject1_limb_EMG.mat,Dynamic,S01_Dynamic_seg0002,2,Lateral grip,122359,235072,112714,89.455556,1260.0,42,43,usable_active_action,original contiguous label run; do not cross this boundary when windowing
1,data/limb/subject01/Dynamic/subject1_limb_EMG.mat,Dynamic,S01_Dynamic_seg0003,3,Pinch grip,235073,345375,110303,87.542063,1260.0,42,43,usable_active_action,original contiguous label run; do not cross this boundary when windowing
1,data/limb/subject01/Dynamic/subject1_limb_EMG.mat,Dynamic,S01_Dynamic_seg0004,4,Power grip,345376,465303,119928,95.180952,1260.0,42,43,usable_active_action,original contiguous label run; do not cross this boundary when windowing
1,data/limb/subject01/Dynamic/subject1_limb_EMG.mat,Dynamic,S01_Dynamic_seg0005,5,Rest,465304,575894,110591,87.770635,1260.0,42,43,usable_rest,original contiguous label run; do not cross this boundary when windowing
2,data/limb/subject02/StaticP1/subject2_limb_EMG.mat,StaticP1,S02_StaticP1_seg0001,1,HandOpen,1,15120,15120,12.0,1260.0,42,43,usable_active_action,original contiguous label run; do not cross this boundary when windowing
2,data/limb/subject02/StaticP1/subject2_limb_EMG.mat,StaticP1,S02_StaticP1_seg0002,2,Lateral grip,15121,30240,15120,12.0,1260.0,42,43,usable_active_action,original contiguous label run; do not cross this boundary when windowing
2,data/limb/subject02/StaticP1/subject2_limb_EMG.mat,StaticP1,S02_StaticP1_seg0003,3,Pinch grip,30241,45360,15120,12.0,1260.0,42,43,usable_active_action,original contiguous label run; do not cross this boundary when windowing
2,data/limb/subject02/StaticP1/subject2_limb_EMG.mat,StaticP1,S02_StaticP1_seg0004,4,Power grip,45361,60480,15120,12.0,1260.0,42,43,usable_active_action,original contiguous label run; do not cross this boundary when windowing
2,data/limb/subject02/StaticP1/subject2_limb_EMG.mat,StaticP1,S02_StaticP1_seg0005,5,Rest,60481,75600,15120,12.0,1260.0,42,43,usable_rest,original contiguous label run; do not cross this boundary when windowing
2,data/limb/subject02/StaticP2/subject2_limb_EMG.mat,StaticP2,S02_StaticP2_seg0001,1,HandOpen,1,15120,15120,12.0,1260.0,42,43,usable_active_action,original contiguous label run; do not cross this boundary when windowing
2,data/limb/subject02/StaticP2/subject2_limb_EMG.mat,StaticP2,S02_StaticP2_seg0002,2,Lateral grip,15121,30240,15120,12.0,1260.0,42,43,usable_active_action,original contiguous label run; do not cross this boundary when windowing
2,data/limb/subject02/StaticP2/subject2_limb_EMG.mat,StaticP2,S02_StaticP2_seg0003,3,Pinch grip,30241,45360,15120,12.0,1260.0,42,43,usable_active_action,original contiguous label run; do not cross this boundary when windowing
2,data/limb/subject02/StaticP2/subject2_limb_EMG.mat,StaticP2,S02_StaticP2_seg0004,4,Power grip,45361,60480,15120,12.0,1260.0,42,43,usable_active_action,original contiguous label run; do not cross this boundary when windowing
2,data/limb/subject02/StaticP2/subject2_limb_EMG.mat,StaticP2,S02_StaticP2_seg0005,5,Rest,60481,75600,15120,12.0,1260.0,42,43,usable_rest,original contiguous label run; do not cross this boundary when windowing
2,data/limb/subject02/StaticP3/subject2_limb_EMG.mat,StaticP3,S02_StaticP3_seg0001,1,HandOpen,1,15120,15120,12.0,1260.0,42,43,usable_active_action,original contiguous label run; do not cross this boundary when windowing
2,data/limb/subject02/StaticP3/subject2_limb_EMG.mat,StaticP3,S02_StaticP3_seg0002,2,Lateral grip,15121,30240,15120,12.0,1260.0,42,43,usable_active_action,original contiguous label run; do not cross this boundary when windowing
2,data/limb/subject02/StaticP3/subject2_limb_EMG.mat,StaticP3,S02_StaticP3_seg0003,3,Pinch grip,30241,45360,15120,12.0,1260.0,42,43,usable_active_action,original contiguous label run; do not cross this boundary when windowing
2,data/limb/subject02/StaticP3/subject2_limb_EMG.mat,StaticP3,S02_StaticP3_seg0004,4,Power grip,45361,60480,15120,12.0,1260.0,42,43,usable_active_action,original contiguous label run; do not cross this boundary when windowing
2,data/limb/subject02/StaticP3/subject2_limb_EMG.mat,StaticP3,S02_StaticP3_seg0005,5,Rest,60481,75600,15120,12.0,1260.0,42,43,usable_rest,original contiguous label run; do not cross this boundary when windowing
2,data/limb/subject02/StaticP4/subject2_limb_EMG.mat,StaticP4,S02_StaticP4_seg0001,1,HandOpen,1,15120,15120,12.0,1260.0,42,43,usable_active_action,original contiguous label run; do not cross this boundary when windowing
2,data/limb/subject02/StaticP4/subject2_limb_EMG.mat,StaticP4,S02_StaticP4_seg0002,2,Lateral grip,15121,30240,15120,12.0,1260.0,42,43,usable_active_action,original contiguous label run; do not cross this boundary when windowing
2,data/limb/subject02/StaticP4/subject2_limb_EMG.mat,StaticP4,S02_StaticP4_seg0003,3,Pinch grip,30241,45360,15120,12.0,1260.0,42,43,usable_active_action,original contiguous label run; do not cross this boundary when windowing
2,data/limb/subject02/StaticP4/subject2_limb_EMG.mat,StaticP4,S02_StaticP4_seg0004,4,Power grip,45361,60480,15120,12.0,1260.0,42,43,usable_active_action,original contiguous label run; do not cross this boundary when windowing
2,data/limb/subject02/StaticP4/subject2_limb_EMG.mat,StaticP4,S02_StaticP4_seg0005,5,Rest,60481,75600,15120,12.0,1260.0,42,43,usable_rest,original contiguous label run; do not cross this boundary when windowing
2,data/limb/subject02/StaticP9/subject2_limb_EMG.mat,StaticP9,S02_StaticP9_seg0001,1,HandOpen,1,15120,15120,12.0,1260.0,42,43,usable_active_action,original contiguous label run; do not cross this boundary when windowing
2,data/limb/subject02/StaticP9/subject2_limb_EMG.mat,StaticP9,S02_StaticP9_seg0002,2,Lateral grip,15121,30240,15120,12.0,1260.0,42,43,usable_active_action,original contiguous label run; do not cross this boundary when windowing
2,data/limb/subject02/StaticP9/subject2_limb_EMG.mat,StaticP9,S02_StaticP9_seg0003,3,Pinch grip,30241,45360,15120,12.0,1260.0,42,43,usable_active_action,original contiguous label run; do not cross this boundary when windowing
2,data/limb/subject02/StaticP9/subject2_limb_EMG.mat,StaticP9,S02_StaticP9_seg0004,4,Power grip,45361,60480,15120,12.0,1260.0,42,43,usable_active_action,original contiguous label run; do not cross this boundary when windowing
2,data/limb/subject02/StaticP9/subject2_limb_EMG.mat,StaticP9,S02_StaticP9_seg0005,5,Rest,60481,75600,15120,12.0,1260.0,42,43,usable_rest,original contiguous label run; do not cross this boundary when windowing
2,data/limb/subject02/StaticP10/subject2_limb_EMG.mat,StaticP10,S02_StaticP10_seg0001,1,HandOpen,1,15120,15120,12.0,1260.0,42,43,usable_active_action,original contiguous label run; do not cross this boundary when windowing
2,data/limb/subject02/StaticP10/subject2_limb_EMG.mat,StaticP10,S02_StaticP10_seg0002,2,Lateral grip,15121,30240,15120,12.0,1260.0,42,43,usable_active_action,original contiguous label run; do not cross this boundary when windowing
2,data/limb/subject02/StaticP10/subject2_limb_EMG.mat,StaticP10,S02_StaticP10_seg0003,3,Pinch grip,30241,45360,15120,12.0,1260.0,42,43,usable_active_action,original contiguous label run; do not cross this boundary when windowing
2,data/limb/subject02/StaticP10/subject2_limb_EMG.mat,StaticP10,S02_StaticP10_seg0004,4,Power grip,45361,60480,15120,12.0,1260.0,42,43,usable_active_action,original contiguous label run; do not cross this boundary when windowing
2,data/limb/subject02/StaticP10/subject2_limb_EMG.mat,StaticP10,S02_StaticP10_seg0005,5,Rest,60481,75600,15120,12.0,1260.0,42,43,usable_rest,original contiguous label run; do not cross this boundary when windowing
2,data/limb/subject02/StaticP14/subject2_limb_EMG.mat,StaticP14,S02_StaticP14_seg0001,1,HandOpen,1,15120,15120,12.0,1260.0,42,43,usable_active_action,original contiguous label run; do not cross this boundary when windowing
2,data/limb/subject02/StaticP14/subject2_limb_EMG.mat,StaticP14,S02_StaticP14_seg0002,2,Lateral grip,15121,30240,15120,12.0,1260.0,42,43,usable_active_action,original contiguous label run; do not cross this boundary when windowing
2,data/limb/subject02/StaticP14/subject2_limb_EMG.mat,StaticP14,S02_StaticP14_seg0003,3,Pinch grip,30241,45360,15120,12.0,1260.0,42,43,usable_active_action,original contiguous label run; do not cross this boundary when windowing
2,data/limb/subject02/StaticP14/subject2_limb_EMG.mat,StaticP14,S02_StaticP14_seg0004,4,Power grip,45361,60480,15120,12.0,1260.0,42,43,usable_active_action,original contiguous label run; do not cross this boundary when windowing
2,data/limb/subject02/StaticP14/subject2_limb_EMG.mat,StaticP14,S02_StaticP14_seg0005,5,Rest,60481,75600,15120,12.0,1260.0,42,43,usable_rest,original contiguous label run; do not cross this boundary when windowing
2,data/limb/subject02/Dynamic/subject2_limb_EMG.mat,Dynamic,S02_Dynamic_seg0001,1,HandOpen,1,124549,124549,98.848413,1260.0,42,43,usable_active_action,original contiguous label run; do not cross this boundary when windowing
2,data/limb/subject02/Dynamic/subject2_limb_EMG.mat,Dynamic,S02_Dynamic_seg0002,2,Lateral grip,124550,256255,131706,104.528571,1260.0,42,43,usable_active_action,original contiguous label run; do not cross this boundary when windowing
2,data/limb/subject02/Dynamic/subject2_limb_EMG.mat,Dynamic,S02_Dynamic_seg0003,3,Pinch grip,256256,347877,91622,72.715873,1260.0,42,43,usable_active_action,original contiguous label run; do not cross this boundary when windowing
2,data/limb/subject02/Dynamic/subject2_limb_EMG.mat,Dynamic,S02_Dynamic_seg0004,4,Power grip,347878,456699,108822,86.366667,1260.0,42,43,usable_active_action,original contiguous label run; do not cross this boundary when windowing
2,data/limb/subject02/Dynamic/subject2_limb_EMG.mat,Dynamic,S02_Dynamic_seg0005,5,Rest,456700,664634,207935,165.027778,1260.0,42,43,usable_rest,original contiguous label run; do not cross this boundary when windowing
3,data/limb/subject03/StaticP1/subject3_limb_EMG.mat,StaticP1,S03_StaticP1_seg0001,1,HandOpen,1,15120,15120,12.0,1260.0,42,43,usable_active_action,original contiguous label run; do not cross this boundary when windowing
3,data/limb/subject03/StaticP1/subject3_limb_EMG.mat,StaticP1,S03_StaticP1_seg0002,2,Lateral grip,15121,30240,15120,12.0,1260.0,42,43,usable_active_action,original contiguous label run; do not cross this boundary when windowing
3,data/limb/subject03/StaticP1/subject3_limb_EMG.mat,StaticP1,S03_StaticP1_seg0003,3,Pinch grip,30241,45360,15120,12.0,1260.0,42,43,usable_active_action,original contiguous label run; do not cross this boundary when windowing
3,data/limb/subject03/StaticP1/subject3_limb_EMG.mat,StaticP1,S03_StaticP1_seg0004,4,Power grip,45361,60480,15120,12.0,1260.0,42,43,usable_active_action,original contiguous label run; do not cross this boundary when windowing
3,data/limb/subject03/StaticP1/subject3_limb_EMG.mat,StaticP1,S03_StaticP1_seg0005,5,Rest,60481,75600,15120,12.0,1260.0,42,43,usable_rest,original contiguous label run; do not cross this boundary when windowing
3,data/limb/subject03/StaticP2/subject3_limb_EMG.mat,StaticP2,S03_StaticP2_seg0001,1,HandOpen,1,15120,15120,12.0,1260.0,42,43,usable_active_action,original contiguous label run; do not cross this boundary when windowing
3,data/limb/subject03/StaticP2/subject3_limb_EMG.mat,StaticP2,S03_StaticP2_seg0002,2,Lateral grip,15121,30240,15120,12.0,1260.0,42,43,usable_active_action,original contiguous label run; do not cross this boundary when windowing
3,data/limb/subject03/StaticP2/subject3_limb_EMG.mat,StaticP2,S03_StaticP2_seg0003,3,Pinch grip,30241,45360,15120,12.0,1260.0,42,43,usable_active_action,original contiguous label run; do not cross this boundary when windowing
3,data/limb/subject03/StaticP2/subject3_limb_EMG.mat,StaticP2,S03_StaticP2_seg0004,4,Power grip,45361,60480,15120,12.0,1260.0,42,43,usable_active_action,original contiguous label run; do not cross this boundary when windowing
3,data/limb/subject03/StaticP2/subject3_limb_EMG.mat,StaticP2,S03_StaticP2_seg0005,5,Rest,60481,75600,15120,12.0,1260.0,42,43,usable_rest,original contiguous label run; do not cross this boundary when windowing
3,data/limb/subject03/StaticP3/subject3_limb_EMG.mat,StaticP3,S03_StaticP3_seg0001,1,HandOpen,1,15120,15120,12.0,1260.0,42,43,usable_active_action,original contiguous label run; do not cross this boundary when windowing
3,data/limb/subject03/StaticP3/subject3_limb_EMG.mat,StaticP3,S03_StaticP3_seg0002,2,Lateral grip,15121,30240,15120,12.0,1260.0,42,43,usable_active_action,original contiguous label run; do not cross this boundary when windowing
3,data/limb/subject03/StaticP3/subject3_limb_EMG.mat,StaticP3,S03_StaticP3_seg0003,3,Pinch grip,30241,45360,15120,12.0,1260.0,42,43,usable_active_action,original contiguous label run; do not cross this boundary when windowing
3,data/limb/subject03/StaticP3/subject3_limb_EMG.mat,StaticP3,S03_StaticP3_seg0004,4,Power grip,45361,60480,15120,12.0,1260.0,42,43,usable_active_action,original contiguous label run; do not cross this boundary when windowing
3,data/limb/subject03/StaticP3/subject3_limb_EMG.mat,StaticP3,S03_StaticP3_seg0005,5,Rest,60481,75600,15120,12.0,1260.0,42,43,usable_rest,original contiguous label run; do not cross this boundary when windowing
3,data/limb/subject03/StaticP4/subject3_limb_EMG.mat,StaticP4,S03_StaticP4_seg0001,1,HandOpen,1,15120,15120,12.0,1260.0,42,43,usable_active_action,original contiguous label run; do not cross this boundary when windowing
3,data/limb/subject03/StaticP4/subject3_limb_EMG.mat,StaticP4,S03_StaticP4_seg0002,2,Lateral grip,15121,30240,15120,12.0,1260.0,42,43,usable_active_action,original contiguous label run; do not cross this boundary when windowing
3,data/limb/subject03/StaticP4/subject3_limb_EMG.mat,StaticP4,S03_StaticP4_seg0003,3,Pinch grip,30241,45360,15120,12.0,1260.0,42,43,usable_active_action,original contiguous label run; do not cross this boundary when windowing
3,data/limb/subject03/StaticP4/subject3_limb_EMG.mat,StaticP4,S03_StaticP4_seg0004,4,Power grip,45361,60480,15120,12.0,1260.0,42,43,usable_active_action,original contiguous label run; do not cross this boundary when windowing
3,data/limb/subject03/StaticP4/subject3_limb_EMG.mat,StaticP4,S03_StaticP4_seg0005,5,Rest,60481,75600,15120,12.0,1260.0,42,43,usable_rest,original contiguous label run; do not cross this boundary when windowing
3,data/limb/subject03/StaticP9/subject3_limb_EMG.mat,StaticP9,S03_StaticP9_seg0001,1,HandOpen,1,15120,15120,12.0,1260.0,42,43,usable_active_action,original contiguous label run; do not cross this boundary when windowing
3,data/limb/subject03/StaticP9/subject3_limb_EMG.mat,StaticP9,S03_StaticP9_seg0002,2,Lateral grip,15121,30240,15120,12.0,1260.0,42,43,usable_active_action,original contiguous label run; do not cross this boundary when windowing
3,data/limb/subject03/StaticP9/subject3_limb_EMG.mat,StaticP9,S03_StaticP9_seg0003,3,Pinch grip,30241,45360,15120,12.0,1260.0,42,43,usable_active_action,original contiguous label run; do not cross this boundary when windowing
3,data/limb/subject03/StaticP9/subject3_limb_EMG.mat,StaticP9,S03_StaticP9_seg0004,4,Power grip,45361,60480,15120,12.0,1260.0,42,43,usable_active_action,original contiguous label run; do not cross this boundary when windowing
3,data/limb/subject03/StaticP9/subject3_limb_EMG.mat,StaticP9,S03_StaticP9_seg0005,5,Rest,60481,75600,15120,12.0,1260.0,42,43,usable_rest,original contiguous label run; do not cross this boundary when windowing
3,data/limb/subject03/StaticP10/subject3_limb_EMG.mat,StaticP10,S03_StaticP10_seg0001,1,HandOpen,1,15120,15120,12.0,1260.0,42,43,usable_active_action,original contiguous label run; do not cross this boundary when windowing
3,data/limb/subject03/StaticP10/subject3_limb_EMG.mat,StaticP10,S03_StaticP10_seg0002,2,Lateral grip,15121,30240,15120,12.0,1260.0,42,43,usable_active_action,original contiguous label run; do not cross this boundary when windowing
3,data/limb/subject03/StaticP10/subject3_limb_EMG.mat,StaticP10,S03_StaticP10_seg0003,3,Pinch grip,30241,45360,15120,12.0,1260.0,42,43,usable_active_action,original contiguous label run; do not cross this boundary when windowing
3,data/limb/subject03/StaticP10/subject3_limb_EMG.mat,StaticP10,S03_StaticP10_seg0004,4,Power grip,45361,60480,15120,12.0,1260.0,42,43,usable_active_action,original contiguous label run; do not cross this boundary when windowing
3,data/limb/subject03/StaticP10/subject3_limb_EMG.mat,StaticP10,S03_StaticP10_seg0005,5,Rest,60481,75600,15120,12.0,1260.0,42,43,usable_rest,original contiguous label run; do not cross this boundary when windowing
3,data/limb/subject03/StaticP14/subject3_limb_EMG.mat,StaticP14,S03_StaticP14_seg0001,1,HandOpen,1,15120,15120,12.0,1260.0,42,43,usable_active_action,original contiguous label run; do not cross this boundary when windowing
3,data/limb/subject03/StaticP14/subject3_limb_EMG.mat,StaticP14,S03_StaticP14_seg0002,2,Lateral grip,15121,30240,15120,12.0,1260.0,42,43,usable_active_action,original contiguous label run; do not cross this boundary when windowing
3,data/limb/subject03/StaticP14/subject3_limb_EMG.mat,StaticP14,S03_StaticP14_seg0003,3,Pinch grip,30241,45360,15120,12.0,1260.0,42,43,usable_active_action,original contiguous label run; do not cross this boundary when windowing
3,data/limb/subject03/StaticP14/subject3_limb_EMG.mat,StaticP14,S03_StaticP14_seg0004,4,Power grip,45361,60480,15120,12.0,1260.0,42,43,usable_active_action,original contiguous label run; do not cross this boundary when windowing
3,data/limb/subject03/StaticP14/subject3_limb_EMG.mat,StaticP14,S03_StaticP14_seg0005,5,Rest,60481,75600,15120,12.0,1260.0,42,43,usable_rest,original contiguous label run; do not cross this boundary when windowing
3,data/limb/subject03/Dynamic/subject3_limb_EMG.mat,Dynamic,S03_Dynamic_seg0001,1,HandOpen,1,113479,113479,90.062698,1260.0,42,43,usable_active_action,original contiguous label run; do not cross this boundary when windowing
3,data/limb/subject03/Dynamic/subject3_limb_EMG.mat,Dynamic,S03_Dynamic_seg0002,2,Lateral grip,113480,259672,146193,116.02619,1260.0,42,43,usable_active_action,original contiguous label run; do not cross this boundary when windowing
3,data/limb/subject03/Dynamic/subject3_limb_EMG.mat,Dynamic,S03_Dynamic_seg0003,3,Pinch grip,259673,359860,100188,79.514286,1260.0,42,43,usable_active_action,original contiguous label run; do not cross this boundary when windowing
3,data/limb/subject03/Dynamic/subject3_limb_EMG.mat,Dynamic,S03_Dynamic_seg0004,4,Power grip,359861,464772,104912,83.263492,1260.0,42,43,usable_active_action,original contiguous label run; do not cross this boundary when windowing
3,data/limb/subject03/Dynamic/subject3_limb_EMG.mat,Dynamic,S03_Dynamic_seg0005,5,Rest,464773,538725,73953,58.692857,1260.0,42,43,usable_rest,original contiguous label run; do not cross this boundary when windowing
4,data/limb/subject04/StaticP1/subject4_limb_EMG.mat,StaticP1,S04_StaticP1_seg0001,1,HandOpen,1,15120,15120,12.0,1260.0,42,43,usable_active_action,original contiguous label run; do not cross this boundary when windowing
4,data/limb/subject04/StaticP1/subject4_limb_EMG.mat,StaticP1,S04_StaticP1_seg0002,2,Lateral grip,15121,30240,15120,12.0,1260.0,42,43,usable_active_action,original contiguous label run; do not cross this boundary when windowing
4,data/limb/subject04/StaticP1/subject4_limb_EMG.mat,StaticP1,S04_StaticP1_seg0003,3,Pinch grip,30241,45360,15120,12.0,1260.0,42,43,usable_active_action,original contiguous label run; do not cross this boundary when windowing
4,data/limb/subject04/StaticP1/subject4_limb_EMG.mat,StaticP1,S04_StaticP1_seg0004,4,Power grip,45361,60480,15120,12.0,1260.0,42,43,usable_active_action,original contiguous label run; do not cross this boundary when windowing
4,data/limb/subject04/StaticP1/subject4_limb_EMG.mat,StaticP1,S04_StaticP1_seg0005,5,Rest,60481,75600,15120,12.0,1260.0,42,43,usable_rest,original contiguous label run; do not cross this boundary when windowing
4,data/limb/subject04/StaticP2/subject4_limb_EMG.mat,StaticP2,S04_StaticP2_seg0001,1,HandOpen,1,15120,15120,12.0,1260.0,42,43,usable_active_action,original contiguous label run; do not cross this boundary when windowing
4,data/limb/subject04/StaticP2/subject4_limb_EMG.mat,StaticP2,S04_StaticP2_seg0002,2,Lateral grip,15121,30240,15120,12.0,1260.0,42,43,usable_active_action,original contiguous label run; do not cross this boundary when windowing
4,data/limb/subject04/StaticP2/subject4_limb_EMG.mat,StaticP2,S04_StaticP2_seg0003,3,Pinch grip,30241,45360,15120,12.0,1260.0,42,43,usable_active_action,original contiguous label run; do not cross this boundary when windowing
4,data/limb/subject04/StaticP2/subject4_limb_EMG.mat,StaticP2,S04_StaticP2_seg0004,4,Power grip,45361,60480,15120,12.0,1260.0,42,43,usable_active_action,original contiguous label run; do not cross this boundary when windowing
4,data/limb/subject04/StaticP2/subject4_limb_EMG.mat,StaticP2,S04_StaticP2_seg0005,5,Rest,60481,75600,15120,12.0,1260.0,42,43,usable_rest,original contiguous label run; do not cross this boundary when windowing
4,data/limb/subject04/StaticP3/subject4_limb_EMG.mat,StaticP3,S04_StaticP3_seg0001,1,HandOpen,1,15120,15120,12.0,1260.0,42,43,usable_active_action,original contiguous label run; do not cross this boundary when windowing
4,data/limb/subject04/StaticP3/subject4_limb_EMG.mat,StaticP3,S04_StaticP3_seg0002,2,Lateral grip,15121,30240,15120,12.0,1260.0,42,43,usable_active_action,original contiguous label run; do not cross this boundary when windowing
4,data/limb/subject04/StaticP3/subject4_limb_EMG.mat,StaticP3,S04_StaticP3_seg0003,3,Pinch grip,30241,45360,15120,12.0,1260.0,42,43,usable_active_action,original contiguous label run; do not cross this boundary when windowing
4,data/limb/subject04/StaticP3/subject4_limb_EMG.mat,StaticP3,S04_StaticP3_seg0004,4,Power grip,45361,60480,15120,12.0,1260.0,42,43,usable_active_action,original contiguous label run; do not cross this boundary when windowing
4,data/limb/subject04/StaticP3/subject4_limb_EMG.mat,StaticP3,S04_StaticP3_seg0005,5,Rest,60481,75600,15120,12.0,1260.0,42,43,usable_rest,original contiguous label run; do not cross this boundary when windowing
4,data/limb/subject04/StaticP4/subject4_limb_EMG.mat,StaticP4,S04_StaticP4_seg0001,1,HandOpen,1,15120,15120,12.0,1260.0,42,43,usable_active_action,original contiguous label run; do not cross this boundary when windowing
4,data/limb/subject04/StaticP4/subject4_limb_EMG.mat,StaticP4,S04_StaticP4_seg0002,2,Lateral grip,15121,30240,15120,12.0,1260.0,42,43,usable_active_action,original contiguous label run; do not cross this boundary when windowing
4,data/limb/subject04/StaticP4/subject4_limb_EMG.mat,StaticP4,S04_StaticP4_seg0003,3,Pinch grip,30241,45360,15120,12.0,1260.0,42,43,usable_active_action,original contiguous label run; do not cross this boundary when windowing
4,data/limb/subject04/StaticP4/subject4_limb_EMG.mat,StaticP4,S04_StaticP4_seg0004,4,Power grip,45361,60480,15120,12.0,1260.0,42,43,usable_active_action,original contiguous label run; do not cross this boundary when windowing
4,data/limb/subject04/StaticP4/subject4_limb_EMG.mat,StaticP4,S04_StaticP4_seg0005,5,Rest,60481,75600,15120,12.0,1260.0,42,43,usable_rest,original contiguous label run; do not cross this boundary when windowing
4,data/limb/subject04/StaticP9/subject4_limb_EMG.mat,StaticP9,S04_StaticP9_seg0001,1,HandOpen,1,15120,15120,12.0,1260.0,42,43,usable_active_action,original contiguous label run; do not cross this boundary when windowing
4,data/limb/subject04/StaticP9/subject4_limb_EMG.mat,StaticP9,S04_StaticP9_seg0002,2,Lateral grip,15121,30240,15120,12.0,1260.0,42,43,usable_active_action,original contiguous label run; do not cross this boundary when windowing
4,data/limb/subject04/StaticP9/subject4_limb_EMG.mat,StaticP9,S04_StaticP9_seg0003,3,Pinch grip,30241,45360,15120,12.0,1260.0,42,43,usable_active_action,original contiguous label run; do not cross this boundary when windowing
4,data/limb/subject04/StaticP9/subject4_limb_EMG.mat,StaticP9,S04_StaticP9_seg0004,4,Power grip,45361,60480,15120,12.0,1260.0,42,43,usable_active_action,original contiguous label run; do not cross this boundary when windowing
4,data/limb/subject04/StaticP9/subject4_limb_EMG.mat,StaticP9,S04_StaticP9_seg0005,5,Rest,60481,75600,15120,12.0,1260.0,42,43,usable_rest,original contiguous label run; do not cross this boundary when windowing
4,data/limb/subject04/StaticP10/subject4_limb_EMG.mat,StaticP10,S04_StaticP10_seg0001,1,HandOpen,1,15120,15120,12.0,1260.0,42,43,usable_active_action,original contiguous label run; do not cross this boundary when windowing
4,data/limb/subject04/StaticP10/subject4_limb_EMG.mat,StaticP10,S04_StaticP10_seg0002,2,Lateral grip,15121,30240,15120,12.0,1260.0,42,43,usable_active_action,original contiguous label run; do not cross this boundary when windowing
4,data/limb/subject04/StaticP10/subject4_limb_EMG.mat,StaticP10,S04_StaticP10_seg0003,3,Pinch grip,30241,45360,15120,12.0,1260.0,42,43,usable_active_action,original contiguous label run; do not cross this boundary when windowing
4,data/limb/subject04/StaticP10/subject4_limb_EMG.mat,StaticP10,S04_StaticP10_seg0004,4,Power grip,45361,60480,15120,12.0,1260.0,42,43,usable_active_action,original contiguous label run; do not cross this boundary when windowing
4,data/limb/subject04/StaticP10/subject4_limb_EMG.mat,StaticP10,S04_StaticP10_seg0005,5,Rest,60481,75600,15120,12.0,1260.0,42,43,usable_rest,original contiguous label run; do not cross this boundary when windowing
4,data/limb/subject04/StaticP14/subject4_limb_EMG.mat,StaticP14,S04_StaticP14_seg0001,1,HandOpen,1,15120,15120,12.0,1260.0,42,43,usable_active_action,original contiguous label run; do not cross this boundary when windowing
4,data/limb/subject04/StaticP14/subject4_limb_EMG.mat,StaticP14,S04_StaticP14_seg0002,2,Lateral grip,15121,30240,15120,12.0,1260.0,42,43,usable_active_action,original contiguous label run; do not cross this boundary when windowing
4,data/limb/subject04/StaticP14/subject4_limb_EMG.mat,StaticP14,S04_StaticP14_seg0003,3,Pinch grip,30241,45360,15120,12.0,1260.0,42,43,usable_active_action,original contiguous label run; do not cross this boundary when windowing
4,data/limb/subject04/StaticP14/subject4_limb_EMG.mat,StaticP14,S04_StaticP14_seg0004,4,Power grip,45361,60480,15120,12.0,1260.0,42,43,usable_active_action,original contiguous label run; do not cross this boundary when windowing
4,data/limb/subject04/StaticP14/subject4_limb_EMG.mat,StaticP14,S04_StaticP14_seg0005,5,Rest,60481,75600,15120,12.0,1260.0,42,43,usable_rest,original contiguous label run; do not cross this boundary when windowing
4,data/limb/subject04/Dynamic/subject4_limb_EMG.mat,Dynamic,S04_Dynamic_seg0001,1,HandOpen,1,118735,118735,94.234127,1260.0,42,43,usable_active_action,original contiguous label run; do not cross this boundary when windowing
4,data/limb/subject04/Dynamic/subject4_limb_EMG.mat,Dynamic,S04_Dynamic_seg0002,2,Lateral grip,118736,231241,112506,89.290476,1260.0,42,43,usable_active_action,original contiguous label run; do not cross this boundary when windowing
4,data/limb/subject04/Dynamic/subject4_limb_EMG.mat,Dynamic,S04_Dynamic_seg0003,3,Pinch grip,231242,355840,124599,98.888095,1260.0,42,43,usable_active_action,original contiguous label run; do not cross this boundary when windowing
4,data/limb/subject04/Dynamic/subject4_limb_EMG.mat,Dynamic,S04_Dynamic_seg0004,4,Power grip,355841,468713,112873,89.581746,1260.0,42,43,usable_active_action,original contiguous label run; do not cross this boundary when windowing
4,data/limb/subject04/Dynamic/subject4_limb_EMG.mat,Dynamic,S04_Dynamic_seg0005,5,Rest,468714,656745,188032,149.231746,1260.0,42,43,usable_rest,original contiguous label run; do not cross this boundary when windowing
5,data/limb/subject05/StaticP1/subject5_limb_EMG.mat,StaticP1,S05_StaticP1_seg0001,1,HandOpen,1,15120,15120,12.0,1260.0,42,43,usable_active_action,original contiguous label run; do not cross this boundary when windowing
5,data/limb/subject05/StaticP1/subject5_limb_EMG.mat,StaticP1,S05_StaticP1_seg0002,2,Lateral grip,15121,30240,15120,12.0,1260.0,42,43,usable_active_action,original contiguous label run; do not cross this boundary when windowing
5,data/limb/subject05/StaticP1/subject5_limb_EMG.mat,StaticP1,S05_StaticP1_seg0003,3,Pinch grip,30241,45360,15120,12.0,1260.0,42,43,usable_active_action,original contiguous label run; do not cross this boundary when windowing
5,data/limb/subject05/StaticP1/subject5_limb_EMG.mat,StaticP1,S05_StaticP1_seg0004,4,Power grip,45361,60480,15120,12.0,1260.0,42,43,usable_active_action,original contiguous label run; do not cross this boundary when windowing
5,data/limb/subject05/StaticP1/subject5_limb_EMG.mat,StaticP1,S05_StaticP1_seg0005,5,Rest,60481,75600,15120,12.0,1260.0,42,43,usable_rest,original contiguous label run; do not cross this boundary when windowing
5,data/limb/subject05/StaticP2/subject5_limb_EMG.mat,StaticP2,S05_StaticP2_seg0001,1,HandOpen,1,15120,15120,12.0,1260.0,42,43,usable_active_action,original contiguous label run; do not cross this boundary when windowing
5,data/limb/subject05/StaticP2/subject5_limb_EMG.mat,StaticP2,S05_StaticP2_seg0002,2,Lateral grip,15121,30240,15120,12.0,1260.0,42,43,usable_active_action,original contiguous label run; do not cross this boundary when windowing
5,data/limb/subject05/StaticP2/subject5_limb_EMG.mat,StaticP2,S05_StaticP2_seg0003,3,Pinch grip,30241,45360,15120,12.0,1260.0,42,43,usable_active_action,original contiguous label run; do not cross this boundary when windowing
5,data/limb/subject05/StaticP2/subject5_limb_EMG.mat,StaticP2,S05_StaticP2_seg0004,4,Power grip,45361,60480,15120,12.0,1260.0,42,43,usable_active_action,original contiguous label run; do not cross this boundary when windowing
5,data/limb/subject05/StaticP2/subject5_limb_EMG.mat,StaticP2,S05_StaticP2_seg0005,5,Rest,60481,75600,15120,12.0,1260.0,42,43,usable_rest,original contiguous label run; do not cross this boundary when windowing
5,data/limb/subject05/StaticP3/subject5_limb_EMG.mat,StaticP3,S05_StaticP3_seg0001,1,HandOpen,1,15120,15120,12.0,1260.0,42,43,usable_active_action,original contiguous label run; do not cross this boundary when windowing
5,data/limb/subject05/StaticP3/subject5_limb_EMG.mat,StaticP3,S05_StaticP3_seg0002,2,Lateral grip,15121,30240,15120,12.0,1260.0,42,43,usable_active_action,original contiguous label run; do not cross this boundary when windowing
5,data/limb/subject05/StaticP3/subject5_limb_EMG.mat,StaticP3,S05_StaticP3_seg0003,3,Pinch grip,30241,45360,15120,12.0,1260.0,42,43,usable_active_action,original contiguous label run; do not cross this boundary when windowing
5,data/limb/subject05/StaticP3/subject5_limb_EMG.mat,StaticP3,S05_StaticP3_seg0004,4,Power grip,45361,60480,15120,12.0,1260.0,42,43,usable_active_action,original contiguous label run; do not cross this boundary when windowing
5,data/limb/subject05/StaticP3/subject5_limb_EMG.mat,StaticP3,S05_StaticP3_seg0005,5,Rest,60481,75600,15120,12.0,1260.0,42,43,usable_rest,original contiguous label run; do not cross this boundary when windowing
5,data/limb/subject05/StaticP4/subject5_limb_EMG.mat,StaticP4,S05_StaticP4_seg0001,1,HandOpen,1,15120,15120,12.0,1260.0,42,43,usable_active_action,original contiguous label run; do not cross this boundary when windowing
5,data/limb/subject05/StaticP4/subject5_limb_EMG.mat,StaticP4,S05_StaticP4_seg0002,2,Lateral grip,15121,30240,15120,12.0,1260.0,42,43,usable_active_action,original contiguous label run; do not cross this boundary when windowing
5,data/limb/subject05/StaticP4/subject5_limb_EMG.mat,StaticP4,S05_StaticP4_seg0003,3,Pinch grip,30241,45360,15120,12.0,1260.0,42,43,usable_active_action,original contiguous label run; do not cross this boundary when windowing
5,data/limb/subject05/StaticP4/subject5_limb_EMG.mat,StaticP4,S05_StaticP4_seg0004,4,Power grip,45361,60480,15120,12.0,1260.0,42,43,usable_active_action,original contiguous label run; do not cross this boundary when windowing
5,data/limb/subject05/StaticP4/subject5_limb_EMG.mat,StaticP4,S05_StaticP4_seg0005,5,Rest,60481,75600,15120,12.0,1260.0,42,43,usable_rest,original contiguous label run; do not cross this boundary when windowing
5,data/limb/subject05/StaticP9/subject5_limb_EMG.mat,StaticP9,S05_StaticP9_seg0001,1,HandOpen,1,15120,15120,12.0,1260.0,42,43,usable_active_action,original contiguous label run; do not cross this boundary when windowing
5,data/limb/subject05/StaticP9/subject5_limb_EMG.mat,StaticP9,S05_StaticP9_seg0002,2,Lateral grip,15121,30240,15120,12.0,1260.0,42,43,usable_active_action,original contiguous label run; do not cross this boundary when windowing
5,data/limb/subject05/StaticP9/subject5_limb_EMG.mat,StaticP9,S05_StaticP9_seg0003,3,Pinch grip,30241,45360,15120,12.0,1260.0,42,43,usable_active_action,original contiguous label run; do not cross this boundary when windowing
5,data/limb/subject05/StaticP9/subject5_limb_EMG.mat,StaticP9,S05_StaticP9_seg0004,4,Power grip,45361,60480,15120,12.0,1260.0,42,43,usable_active_action,original contiguous label run; do not cross this boundary when windowing
5,data/limb/subject05/StaticP9/subject5_limb_EMG.mat,StaticP9,S05_StaticP9_seg0005,5,Rest,60481,75600,15120,12.0,1260.0,42,43,usable_rest,original contiguous label run; do not cross this boundary when windowing
5,data/limb/subject05/StaticP10/subject5_limb_EMG.mat,StaticP10,S05_StaticP10_seg0001,1,HandOpen,1,15120,15120,12.0,1260.0,42,43,usable_active_action,original contiguous label run; do not cross this boundary when windowing
5,data/limb/subject05/StaticP10/subject5_limb_EMG.mat,StaticP10,S05_StaticP10_seg0002,2,Lateral grip,15121,30240,15120,12.0,1260.0,42,43,usable_active_action,original contiguous label run; do not cross this boundary when windowing
5,data/limb/subject05/StaticP10/subject5_limb_EMG.mat,StaticP10,S05_StaticP10_seg0003,3,Pinch grip,30241,45360,15120,12.0,1260.0,42,43,usable_active_action,original contiguous label run; do not cross this boundary when windowing
5,data/limb/subject05/StaticP10/subject5_limb_EMG.mat,StaticP10,S05_StaticP10_seg0004,4,Power grip,45361,60480,15120,12.0,1260.0,42,43,usable_active_action,original contiguous label run; do not cross this boundary when windowing
5,data/limb/subject05/StaticP10/subject5_limb_EMG.mat,StaticP10,S05_StaticP10_seg0005,5,Rest,60481,75600,15120,12.0,1260.0,42,43,usable_rest,original contiguous label run; do not cross this boundary when windowing
5,data/limb/subject05/StaticP14/subject5_limb_EMG.mat,StaticP14,S05_StaticP14_seg0001,1,HandOpen,1,15120,15120,12.0,1260.0,42,43,usable_active_action,original contiguous label run; do not cross this boundary when windowing
5,data/limb/subject05/StaticP14/subject5_limb_EMG.mat,StaticP14,S05_StaticP14_seg0002,2,Lateral grip,15121,30240,15120,12.0,1260.0,42,43,usable_active_action,original contiguous label run; do not cross this boundary when windowing
5,data/limb/subject05/StaticP14/subject5_limb_EMG.mat,StaticP14,S05_StaticP14_seg0003,3,Pinch grip,30241,45360,15120,12.0,1260.0,42,43,usable_active_action,original contiguous label run; do not cross this boundary when windowing
5,data/limb/subject05/StaticP14/subject5_limb_EMG.mat,StaticP14,S05_StaticP14_seg0004,4,Power grip,45361,60480,15120,12.0,1260.0,42,43,usable_active_action,original contiguous label run; do not cross this boundary when windowing
5,data/limb/subject05/StaticP14/subject5_limb_EMG.mat,StaticP14,S05_StaticP14_seg0005,5,Rest,60481,75600,15120,12.0,1260.0,42,43,usable_rest,original contiguous label run; do not cross this boundary when windowing
5,data/limb/subject05/Dynamic/subject5_limb_EMG.mat,Dynamic,S05_Dynamic_seg0001,1,HandOpen,1,118407,118407,93.97381,1260.0,42,43,usable_active_action,original contiguous label run; do not cross this boundary when windowing
5,data/limb/subject05/Dynamic/subject5_limb_EMG.mat,Dynamic,S05_Dynamic_seg0002,2,Lateral grip,118408,241147,122740,97.412698,1260.0,42,43,usable_active_action,original contiguous label run; do not cross this boundary when windowing
5,data/limb/subject05/Dynamic/subject5_limb_EMG.mat,Dynamic,S05_Dynamic_seg0003,3,Pinch grip,241148,356666,115519,91.681746,1260.0,42,43,usable_active_action,original contiguous label run; do not cross this boundary when windowing
5,data/limb/subject05/Dynamic/subject5_limb_EMG.mat,Dynamic,S05_Dynamic_seg0004,4,Power grip,356667,470741,114075,90.535714,1260.0,42,43,usable_active_action,original contiguous label run; do not cross this boundary when windowing
5,data/limb/subject05/Dynamic/subject5_limb_EMG.mat,Dynamic,S05_Dynamic_seg0005,5,Rest,470742,676994,206253,163.692857,1260.0,42,43,usable_rest,original contiguous label run; do not cross this boundary when windowing
6,data/limb/subject06/StaticP1/subject6_limb_EMG.mat,StaticP1,S06_StaticP1_seg0001,1,HandOpen,1,15120,15120,12.0,1260.0,42,43,usable_active_action,original contiguous label run; do not cross this boundary when windowing
6,data/limb/subject06/StaticP1/subject6_limb_EMG.mat,StaticP1,S06_StaticP1_seg0002,2,Lateral grip,15121,30240,15120,12.0,1260.0,42,43,usable_active_action,original contiguous label run; do not cross this boundary when windowing
6,data/limb/subject06/StaticP1/subject6_limb_EMG.mat,StaticP1,S06_StaticP1_seg0003,3,Pinch grip,30241,45360,15120,12.0,1260.0,42,43,usable_active_action,original contiguous label run; do not cross this boundary when windowing
6,data/limb/subject06/StaticP1/subject6_limb_EMG.mat,StaticP1,S06_StaticP1_seg0004,4,Power grip,45361,60480,15120,12.0,1260.0,42,43,usable_active_action,original contiguous label run; do not cross this boundary when windowing
6,data/limb/subject06/StaticP1/subject6_limb_EMG.mat,StaticP1,S06_StaticP1_seg0005,5,Rest,60481,75600,15120,12.0,1260.0,42,43,usable_rest,original contiguous label run; do not cross this boundary when windowing
6,data/limb/subject06/StaticP2/subject6_limb_EMG.mat,StaticP2,S06_StaticP2_seg0001,1,HandOpen,1,15120,15120,12.0,1260.0,42,43,usable_active_action,original contiguous label run; do not cross this boundary when windowing
6,data/limb/subject06/StaticP2/subject6_limb_EMG.mat,StaticP2,S06_StaticP2_seg0002,2,Lateral grip,15121,30244,15124,12.003175,1260.0,42,43,usable_active_action,original contiguous label run; do not cross this boundary when windowing
6,data/limb/subject06/StaticP2/subject6_limb_EMG.mat,StaticP2,S06_StaticP2_seg0003,3,Pinch grip,30245,45364,15120,12.0,1260.0,42,43,usable_active_action,original contiguous label run; do not cross this boundary when windowing
6,data/limb/subject06/StaticP2/subject6_limb_EMG.mat,StaticP2,S06_StaticP2_seg0004,4,Power grip,45365,60484,15120,12.0,1260.0,42,43,usable_active_action,original contiguous label run; do not cross this boundary when windowing
6,data/limb/subject06/StaticP2/subject6_limb_EMG.mat,StaticP2,S06_StaticP2_seg0005,5,Rest,60485,75604,15120,12.0,1260.0,42,43,usable_rest,original contiguous label run; do not cross this boundary when windowing
6,data/limb/subject06/StaticP3/subject6_limb_EMG.mat,StaticP3,S06_StaticP3_seg0001,1,HandOpen,1,15120,15120,12.0,1260.0,42,43,usable_active_action,original contiguous label run; do not cross this boundary when windowing
6,data/limb/subject06/StaticP3/subject6_limb_EMG.mat,StaticP3,S06_StaticP3_seg0002,2,Lateral grip,15121,30240,15120,12.0,1260.0,42,43,usable_active_action,original contiguous label run; do not cross this boundary when windowing
6,data/limb/subject06/StaticP3/subject6_limb_EMG.mat,StaticP3,S06_StaticP3_seg0003,3,Pinch grip,30241,45360,15120,12.0,1260.0,42,43,usable_active_action,original contiguous label run; do not cross this boundary when windowing
6,data/limb/subject06/StaticP3/subject6_limb_EMG.mat,StaticP3,S06_StaticP3_seg0004,4,Power grip,45361,60480,15120,12.0,1260.0,42,43,usable_active_action,original contiguous label run; do not cross this boundary when windowing
6,data/limb/subject06/StaticP3/subject6_limb_EMG.mat,StaticP3,S06_StaticP3_seg0005,5,Rest,60481,75600,15120,12.0,1260.0,42,43,usable_rest,original contiguous label run; do not cross this boundary when windowing
6,data/limb/subject06/StaticP4/subject6_limb_EMG.mat,StaticP4,S06_StaticP4_seg0001,1,HandOpen,1,15120,15120,12.0,1260.0,42,43,usable_active_action,original contiguous label run; do not cross this boundary when windowing
6,data/limb/subject06/StaticP4/subject6_limb_EMG.mat,StaticP4,S06_StaticP4_seg0002,2,Lateral grip,15121,30240,15120,12.0,1260.0,42,43,usable_active_action,original contiguous label run; do not cross this boundary when windowing
6,data/limb/subject06/StaticP4/subject6_limb_EMG.mat,StaticP4,S06_StaticP4_seg0003,3,Pinch grip,30241,45364,15124,12.003175,1260.0,42,43,usable_active_action,original contiguous label run; do not cross this boundary when windowing
6,data/limb/subject06/StaticP4/subject6_limb_EMG.mat,StaticP4,S06_StaticP4_seg0004,4,Power grip,45365,60484,15120,12.0,1260.0,42,43,usable_active_action,original contiguous label run; do not cross this boundary when windowing
6,data/limb/subject06/StaticP4/subject6_limb_EMG.mat,StaticP4,S06_StaticP4_seg0005,5,Rest,60485,75604,15120,12.0,1260.0,42,43,usable_rest,original contiguous label run; do not cross this boundary when windowing
6,data/limb/subject06/StaticP9/subject6_limb_EMG.mat,StaticP9,S06_StaticP9_seg0001,1,HandOpen,1,15120,15120,12.0,1260.0,42,43,usable_active_action,original contiguous label run; do not cross this boundary when windowing
6,data/limb/subject06/StaticP9/subject6_limb_EMG.mat,StaticP9,S06_StaticP9_seg0002,2,Lateral grip,15121,30244,15124,12.003175,1260.0,42,43,usable_active_action,original contiguous label run; do not cross this boundary when windowing
6,data/limb/subject06/StaticP9/subject6_limb_EMG.mat,StaticP9,S06_StaticP9_seg0003,3,Pinch grip,30245,45364,15120,12.0,1260.0,42,43,usable_active_action,original contiguous label run; do not cross this boundary when windowing
6,data/limb/subject06/StaticP9/subject6_limb_EMG.mat,StaticP9,S06_StaticP9_seg0004,4,Power grip,45365,60484,15120,12.0,1260.0,42,43,usable_active_action,original contiguous label run; do not cross this boundary when windowing
6,data/limb/subject06/StaticP9/subject6_limb_EMG.mat,StaticP9,S06_StaticP9_seg0005,5,Rest,60485,75604,15120,12.0,1260.0,42,43,usable_rest,original contiguous label run; do not cross this boundary when windowing
6,data/limb/subject06/StaticP10/subject6_limb_EMG.mat,StaticP10,S06_StaticP10_seg0001,1,HandOpen,1,15120,15120,12.0,1260.0,42,43,usable_active_action,original contiguous label run; do not cross this boundary when windowing
6,data/limb/subject06/StaticP10/subject6_limb_EMG.mat,StaticP10,S06_StaticP10_seg0002,2,Lateral grip,15121,30240,15120,12.0,1260.0,42,43,usable_active_action,original contiguous label run; do not cross this boundary when windowing
6,data/limb/subject06/StaticP10/subject6_limb_EMG.mat,StaticP10,S06_StaticP10_seg0003,3,Pinch grip,30241,45360,15120,12.0,1260.0,42,43,usable_active_action,original contiguous label run; do not cross this boundary when windowing
6,data/limb/subject06/StaticP10/subject6_limb_EMG.mat,StaticP10,S06_StaticP10_seg0004,4,Power grip,45361,60480,15120,12.0,1260.0,42,43,usable_active_action,original contiguous label run; do not cross this boundary when windowing
6,data/limb/subject06/StaticP10/subject6_limb_EMG.mat,StaticP10,S06_StaticP10_seg0005,5,Rest,60481,75600,15120,12.0,1260.0,42,43,usable_rest,original contiguous label run; do not cross this boundary when windowing
6,data/limb/subject06/StaticP14/subject6_limb_EMG.mat,StaticP14,S06_StaticP14_seg0001,1,HandOpen,1,15120,15120,12.0,1260.0,42,43,usable_active_action,original contiguous label run; do not cross this boundary when windowing
6,data/limb/subject06/StaticP14/subject6_limb_EMG.mat,StaticP14,S06_StaticP14_seg0002,2,Lateral grip,15121,30240,15120,12.0,1260.0,42,43,usable_active_action,original contiguous label run; do not cross this boundary when windowing
6,data/limb/subject06/StaticP14/subject6_limb_EMG.mat,StaticP14,S06_StaticP14_seg0003,3,Pinch grip,30241,45360,15120,12.0,1260.0,42,43,usable_active_action,original contiguous label run; do not cross this boundary when windowing
6,data/limb/subject06/StaticP14/subject6_limb_EMG.mat,StaticP14,S06_StaticP14_seg0004,4,Power grip,45361,60480,15120,12.0,1260.0,42,43,usable_active_action,original contiguous label run; do not cross this boundary when windowing
6,data/limb/subject06/StaticP14/subject6_limb_EMG.mat,StaticP14,S06_StaticP14_seg0005,5,Rest,60481,75600,15120,12.0,1260.0,42,43,usable_rest,original contiguous label run; do not cross this boundary when windowing
6,data/limb/subject06/Dynamic/subject6_limb_EMG.mat,Dynamic,S06_Dynamic_seg0001,1,HandOpen,1,111064,111064,88.146032,1260.0,42,43,usable_active_action,original contiguous label run; do not cross this boundary when windowing
6,data/limb/subject06/Dynamic/subject6_limb_EMG.mat,Dynamic,S06_Dynamic_seg0002,2,Lateral grip,111065,223552,112488,89.27619,1260.0,42,43,usable_active_action,original contiguous label run; do not cross this boundary when windowing
6,data/limb/subject06/Dynamic/subject6_limb_EMG.mat,Dynamic,S06_Dynamic_seg0003,3,Pinch grip,223553,336047,112495,89.281746,1260.0,42,43,usable_active_action,original contiguous label run; do not cross this boundary when windowing
6,data/limb/subject06/Dynamic/subject6_limb_EMG.mat,Dynamic,S06_Dynamic_seg0004,4,Power grip,336048,452807,116760,92.666667,1260.0,42,43,usable_active_action,original contiguous label run; do not cross this boundary when windowing
6,data/limb/subject06/Dynamic/subject6_limb_EMG.mat,Dynamic,S06_Dynamic_seg0005,5,Rest,452808,705206,252399,200.316667,1260.0,42,43,usable_rest,original contiguous label run; do not cross this boundary when windowing
7,data/limb/subject07/StaticP1/subject7_limb_EMG.mat,StaticP1,S07_StaticP1_seg0001,1,HandOpen,1,15120,15120,12.0,1260.0,42,43,usable_active_action,original contiguous label run; do not cross this boundary when windowing
7,data/limb/subject07/StaticP1/subject7_limb_EMG.mat,StaticP1,S07_StaticP1_seg0002,2,Lateral grip,15121,30240,15120,12.0,1260.0,42,43,usable_active_action,original contiguous label run; do not cross this boundary when windowing
7,data/limb/subject07/StaticP1/subject7_limb_EMG.mat,StaticP1,S07_StaticP1_seg0003,3,Pinch grip,30241,45360,15120,12.0,1260.0,42,43,usable_active_action,original contiguous label run; do not cross this boundary when windowing
7,data/limb/subject07/StaticP1/subject7_limb_EMG.mat,StaticP1,S07_StaticP1_seg0004,4,Power grip,45361,60480,15120,12.0,1260.0,42,43,usable_active_action,original contiguous label run; do not cross this boundary when windowing
7,data/limb/subject07/StaticP1/subject7_limb_EMG.mat,StaticP1,S07_StaticP1_seg0005,5,Rest,60481,75600,15120,12.0,1260.0,42,43,usable_rest,original contiguous label run; do not cross this boundary when windowing
7,data/limb/subject07/StaticP2/subject7_limb_EMG.mat,StaticP2,S07_StaticP2_seg0001,1,HandOpen,1,15120,15120,12.0,1260.0,42,43,usable_active_action,original contiguous label run; do not cross this boundary when windowing
7,data/limb/subject07/StaticP2/subject7_limb_EMG.mat,StaticP2,S07_StaticP2_seg0002,2,Lateral grip,15121,30240,15120,12.0,1260.0,42,43,usable_active_action,original contiguous label run; do not cross this boundary when windowing
7,data/limb/subject07/StaticP2/subject7_limb_EMG.mat,StaticP2,S07_StaticP2_seg0003,3,Pinch grip,30241,45360,15120,12.0,1260.0,42,43,usable_active_action,original contiguous label run; do not cross this boundary when windowing
7,data/limb/subject07/StaticP2/subject7_limb_EMG.mat,StaticP2,S07_StaticP2_seg0004,4,Power grip,45361,60480,15120,12.0,1260.0,42,43,usable_active_action,original contiguous label run; do not cross this boundary when windowing
7,data/limb/subject07/StaticP2/subject7_limb_EMG.mat,StaticP2,S07_StaticP2_seg0005,5,Rest,60481,75600,15120,12.0,1260.0,42,43,usable_rest,original contiguous label run; do not cross this boundary when windowing
7,data/limb/subject07/StaticP3/subject7_limb_EMG.mat,StaticP3,S07_StaticP3_seg0001,1,HandOpen,1,15120,15120,12.0,1260.0,42,43,usable_active_action,original contiguous label run; do not cross this boundary when windowing
7,data/limb/subject07/StaticP3/subject7_limb_EMG.mat,StaticP3,S07_StaticP3_seg0002,2,Lateral grip,15121,30240,15120,12.0,1260.0,42,43,usable_active_action,original contiguous label run; do not cross this boundary when windowing
7,data/limb/subject07/StaticP3/subject7_limb_EMG.mat,StaticP3,S07_StaticP3_seg0003,3,Pinch grip,30241,45360,15120,12.0,1260.0,42,43,usable_active_action,original contiguous label run; do not cross this boundary when windowing
7,data/limb/subject07/StaticP3/subject7_limb_EMG.mat,StaticP3,S07_StaticP3_seg0004,4,Power grip,45361,60480,15120,12.0,1260.0,42,43,usable_active_action,original contiguous label run; do not cross this boundary when windowing
7,data/limb/subject07/StaticP3/subject7_limb_EMG.mat,StaticP3,S07_StaticP3_seg0005,5,Rest,60481,75600,15120,12.0,1260.0,42,43,usable_rest,original contiguous label run; do not cross this boundary when windowing
7,data/limb/subject07/StaticP4/subject7_limb_EMG.mat,StaticP4,S07_StaticP4_seg0001,1,HandOpen,1,15120,15120,12.0,1260.0,42,43,usable_active_action,original contiguous label run; do not cross this boundary when windowing
7,data/limb/subject07/StaticP4/subject7_limb_EMG.mat,StaticP4,S07_StaticP4_seg0002,2,Lateral grip,15121,30240,15120,12.0,1260.0,42,43,usable_active_action,original contiguous label run; do not cross this boundary when windowing
7,data/limb/subject07/StaticP4/subject7_limb_EMG.mat,StaticP4,S07_StaticP4_seg0003,3,Pinch grip,30241,45360,15120,12.0,1260.0,42,43,usable_active_action,original contiguous label run; do not cross this boundary when windowing
7,data/limb/subject07/StaticP4/subject7_limb_EMG.mat,StaticP4,S07_StaticP4_seg0004,4,Power grip,45361,60480,15120,12.0,1260.0,42,43,usable_active_action,original contiguous label run; do not cross this boundary when windowing
7,data/limb/subject07/StaticP4/subject7_limb_EMG.mat,StaticP4,S07_StaticP4_seg0005,5,Rest,60481,75600,15120,12.0,1260.0,42,43,usable_rest,original contiguous label run; do not cross this boundary when windowing
7,data/limb/subject07/StaticP9/subject7_limb_EMG.mat,StaticP9,S07_StaticP9_seg0001,1,HandOpen,1,15120,15120,12.0,1260.0,42,43,usable_active_action,original contiguous label run; do not cross this boundary when windowing
7,data/limb/subject07/StaticP9/subject7_limb_EMG.mat,StaticP9,S07_StaticP9_seg0002,2,Lateral grip,15121,30240,15120,12.0,1260.0,42,43,usable_active_action,original contiguous label run; do not cross this boundary when windowing
7,data/limb/subject07/StaticP9/subject7_limb_EMG.mat,StaticP9,S07_StaticP9_seg0003,3,Pinch grip,30241,45360,15120,12.0,1260.0,42,43,usable_active_action,original contiguous label run; do not cross this boundary when windowing
7,data/limb/subject07/StaticP9/subject7_limb_EMG.mat,StaticP9,S07_StaticP9_seg0004,4,Power grip,45361,60480,15120,12.0,1260.0,42,43,usable_active_action,original contiguous label run; do not cross this boundary when windowing
7,data/limb/subject07/StaticP9/subject7_limb_EMG.mat,StaticP9,S07_StaticP9_seg0005,5,Rest,60481,75600,15120,12.0,1260.0,42,43,usable_rest,original contiguous label run; do not cross this boundary when windowing
7,data/limb/subject07/StaticP10/subject7_limb_EMG.mat,StaticP10,S07_StaticP10_seg0001,1,HandOpen,1,15120,15120,12.0,1260.0,42,43,usable_active_action,original contiguous label run; do not cross this boundary when windowing
7,data/limb/subject07/StaticP10/subject7_limb_EMG.mat,StaticP10,S07_StaticP10_seg0002,2,Lateral grip,15121,30240,15120,12.0,1260.0,42,43,usable_active_action,original contiguous label run; do not cross this boundary when windowing
7,data/limb/subject07/StaticP10/subject7_limb_EMG.mat,StaticP10,S07_StaticP10_seg0003,3,Pinch grip,30241,45360,15120,12.0,1260.0,42,43,usable_active_action,original contiguous label run; do not cross this boundary when windowing
7,data/limb/subject07/StaticP10/subject7_limb_EMG.mat,StaticP10,S07_StaticP10_seg0004,4,Power grip,45361,60480,15120,12.0,1260.0,42,43,usable_active_action,original contiguous label run; do not cross this boundary when windowing
7,data/limb/subject07/StaticP10/subject7_limb_EMG.mat,StaticP10,S07_StaticP10_seg0005,5,Rest,60481,75600,15120,12.0,1260.0,42,43,usable_rest,original contiguous label run; do not cross this boundary when windowing
7,data/limb/subject07/StaticP14/subject7_limb_EMG.mat,StaticP14,S07_StaticP14_seg0001,1,HandOpen,1,15120,15120,12.0,1260.0,42,43,usable_active_action,original contiguous label run; do not cross this boundary when windowing
7,data/limb/subject07/StaticP14/subject7_limb_EMG.mat,StaticP14,S07_StaticP14_seg0002,2,Lateral grip,15121,30240,15120,12.0,1260.0,42,43,usable_active_action,original contiguous label run; do not cross this boundary when windowing
7,data/limb/subject07/StaticP14/subject7_limb_EMG.mat,StaticP14,S07_StaticP14_seg0003,3,Pinch grip,30241,45360,15120,12.0,1260.0,42,43,usable_active_action,original contiguous label run; do not cross this boundary when windowing
7,data/limb/subject07/StaticP14/subject7_limb_EMG.mat,StaticP14,S07_StaticP14_seg0004,4,Power grip,45361,60480,15120,12.0,1260.0,42,43,usable_active_action,original contiguous label run; do not cross this boundary when windowing
7,data/limb/subject07/StaticP14/subject7_limb_EMG.mat,StaticP14,S07_StaticP14_seg0005,5,Rest,60481,75600,15120,12.0,1260.0,42,43,usable_rest,original contiguous label run; do not cross this boundary when windowing
7,data/limb/subject07/Dynamic/subject7_limb_EMG.mat,Dynamic,S07_Dynamic_seg0001,1,HandOpen,1,116083,116083,92.129365,1260.0,42,43,usable_active_action,original contiguous label run; do not cross this boundary when windowing
7,data/limb/subject07/Dynamic/subject7_limb_EMG.mat,Dynamic,S07_Dynamic_seg0002,2,Lateral grip,116084,236518,120435,95.583333,1260.0,42,43,usable_active_action,original contiguous label run; do not cross this boundary when windowing
7,data/limb/subject07/Dynamic/subject7_limb_EMG.mat,Dynamic,S07_Dynamic_seg0003,3,Pinch grip,236519,355503,118985,94.43254,1260.0,42,43,usable_active_action,original contiguous label run; do not cross this boundary when windowing
7,data/limb/subject07/Dynamic/subject7_limb_EMG.mat,Dynamic,S07_Dynamic_seg0004,4,Power grip,355504,471615,116112,92.152381,1260.0,42,43,usable_active_action,original contiguous label run; do not cross this boundary when windowing
7,data/limb/subject07/Dynamic/subject7_limb_EMG.mat,Dynamic,S07_Dynamic_seg0005,5,Rest,471616,740347,268732,213.279365,1260.0,42,43,usable_rest,original contiguous label run; do not cross this boundary when windowing
8,data/limb/subject08/StaticP1/subject8_limb_EMG.mat,StaticP1,S08_StaticP1_seg0001,1,HandOpen,1,15120,15120,12.0,1260.0,42,43,usable_active_action,original contiguous label run; do not cross this boundary when windowing
8,data/limb/subject08/StaticP1/subject8_limb_EMG.mat,StaticP1,S08_StaticP1_seg0002,2,Lateral grip,15121,30240,15120,12.0,1260.0,42,43,usable_active_action,original contiguous label run; do not cross this boundary when windowing
8,data/limb/subject08/StaticP1/subject8_limb_EMG.mat,StaticP1,S08_StaticP1_seg0003,3,Pinch grip,30241,45360,15120,12.0,1260.0,42,43,usable_active_action,original contiguous label run; do not cross this boundary when windowing
8,data/limb/subject08/StaticP1/subject8_limb_EMG.mat,StaticP1,S08_StaticP1_seg0004,4,Power grip,45361,60480,15120,12.0,1260.0,42,43,usable_active_action,original contiguous label run; do not cross this boundary when windowing
8,data/limb/subject08/StaticP1/subject8_limb_EMG.mat,StaticP1,S08_StaticP1_seg0005,5,Rest,60481,75600,15120,12.0,1260.0,42,43,usable_rest,original contiguous label run; do not cross this boundary when windowing
8,data/limb/subject08/StaticP2/subject8_limb_EMG.mat,StaticP2,S08_StaticP2_seg0001,1,HandOpen,1,15120,15120,12.0,1260.0,42,43,usable_active_action,original contiguous label run; do not cross this boundary when windowing
8,data/limb/subject08/StaticP2/subject8_limb_EMG.mat,StaticP2,S08_StaticP2_seg0002,2,Lateral grip,15121,30240,15120,12.0,1260.0,42,43,usable_active_action,original contiguous label run; do not cross this boundary when windowing
8,data/limb/subject08/StaticP2/subject8_limb_EMG.mat,StaticP2,S08_StaticP2_seg0003,3,Pinch grip,30241,45360,15120,12.0,1260.0,42,43,usable_active_action,original contiguous label run; do not cross this boundary when windowing
8,data/limb/subject08/StaticP2/subject8_limb_EMG.mat,StaticP2,S08_StaticP2_seg0004,4,Power grip,45361,60480,15120,12.0,1260.0,42,43,usable_active_action,original contiguous label run; do not cross this boundary when windowing
8,data/limb/subject08/StaticP2/subject8_limb_EMG.mat,StaticP2,S08_StaticP2_seg0005,5,Rest,60481,75600,15120,12.0,1260.0,42,43,usable_rest,original contiguous label run; do not cross this boundary when windowing
8,data/limb/subject08/StaticP3/subject8_limb_EMG.mat,StaticP3,S08_StaticP3_seg0001,1,HandOpen,1,15120,15120,12.0,1260.0,42,43,usable_active_action,original contiguous label run; do not cross this boundary when windowing
8,data/limb/subject08/StaticP3/subject8_limb_EMG.mat,StaticP3,S08_StaticP3_seg0002,2,Lateral grip,15121,30244,15124,12.003175,1260.0,42,43,usable_active_action,original contiguous label run; do not cross this boundary when windowing
8,data/limb/subject08/StaticP3/subject8_limb_EMG.mat,StaticP3,S08_StaticP3_seg0003,3,Pinch grip,30245,45364,15120,12.0,1260.0,42,43,usable_active_action,original contiguous label run; do not cross this boundary when windowing
8,data/limb/subject08/StaticP3/subject8_limb_EMG.mat,StaticP3,S08_StaticP3_seg0004,4,Power grip,45365,60484,15120,12.0,1260.0,42,43,usable_active_action,original contiguous label run; do not cross this boundary when windowing
8,data/limb/subject08/StaticP3/subject8_limb_EMG.mat,StaticP3,S08_StaticP3_seg0005,5,Rest,60485,75604,15120,12.0,1260.0,42,43,usable_rest,original contiguous label run; do not cross this boundary when windowing
8,data/limb/subject08/StaticP4/subject8_limb_EMG.mat,StaticP4,S08_StaticP4_seg0001,1,HandOpen,1,15120,15120,12.0,1260.0,42,43,usable_active_action,original contiguous label run; do not cross this boundary when windowing
8,data/limb/subject08/StaticP4/subject8_limb_EMG.mat,StaticP4,S08_StaticP4_seg0002,2,Lateral grip,15121,30244,15124,12.003175,1260.0,42,43,usable_active_action,original contiguous label run; do not cross this boundary when windowing
8,data/limb/subject08/StaticP4/subject8_limb_EMG.mat,StaticP4,S08_StaticP4_seg0003,3,Pinch grip,30245,45364,15120,12.0,1260.0,42,43,usable_active_action,original contiguous label run; do not cross this boundary when windowing
8,data/limb/subject08/StaticP4/subject8_limb_EMG.mat,StaticP4,S08_StaticP4_seg0004,4,Power grip,45365,60484,15120,12.0,1260.0,42,43,usable_active_action,original contiguous label run; do not cross this boundary when windowing
8,data/limb/subject08/StaticP4/subject8_limb_EMG.mat,StaticP4,S08_StaticP4_seg0005,5,Rest,60485,75604,15120,12.0,1260.0,42,43,usable_rest,original contiguous label run; do not cross this boundary when windowing
8,data/limb/subject08/StaticP9/subject8_limb_EMG.mat,StaticP9,S08_StaticP9_seg0001,1,HandOpen,1,15120,15120,12.0,1260.0,42,43,usable_active_action,original contiguous label run; do not cross this boundary when windowing
8,data/limb/subject08/StaticP9/subject8_limb_EMG.mat,StaticP9,S08_StaticP9_seg0002,2,Lateral grip,15121,30240,15120,12.0,1260.0,42,43,usable_active_action,original contiguous label run; do not cross this boundary when windowing
8,data/limb/subject08/StaticP9/subject8_limb_EMG.mat,StaticP9,S08_StaticP9_seg0003,3,Pinch grip,30241,45360,15120,12.0,1260.0,42,43,usable_active_action,original contiguous label run; do not cross this boundary when windowing
8,data/limb/subject08/StaticP9/subject8_limb_EMG.mat,StaticP9,S08_StaticP9_seg0004,4,Power grip,45361,60480,15120,12.0,1260.0,42,43,usable_active_action,original contiguous label run; do not cross this boundary when windowing
8,data/limb/subject08/StaticP9/subject8_limb_EMG.mat,StaticP9,S08_StaticP9_seg0005,5,Rest,60481,75600,15120,12.0,1260.0,42,43,usable_rest,original contiguous label run; do not cross this boundary when windowing
8,data/limb/subject08/StaticP10/subject8_limb_EMG.mat,StaticP10,S08_StaticP10_seg0001,1,HandOpen,1,15120,15120,12.0,1260.0,42,43,usable_active_action,original contiguous label run; do not cross this boundary when windowing
8,data/limb/subject08/StaticP10/subject8_limb_EMG.mat,StaticP10,S08_StaticP10_seg0002,2,Lateral grip,15121,30240,15120,12.0,1260.0,42,43,usable_active_action,original contiguous label run; do not cross this boundary when windowing
8,data/limb/subject08/StaticP10/subject8_limb_EMG.mat,StaticP10,S08_StaticP10_seg0003,3,Pinch grip,30241,45364,15124,12.003175,1260.0,42,43,usable_active_action,original contiguous label run; do not cross this boundary when windowing
8,data/limb/subject08/StaticP10/subject8_limb_EMG.mat,StaticP10,S08_StaticP10_seg0004,4,Power grip,45365,60484,15120,12.0,1260.0,42,43,usable_active_action,original contiguous label run; do not cross this boundary when windowing
8,data/limb/subject08/StaticP10/subject8_limb_EMG.mat,StaticP10,S08_StaticP10_seg0005,5,Rest,60485,75604,15120,12.0,1260.0,42,43,usable_rest,original contiguous label run; do not cross this boundary when windowing
8,data/limb/subject08/StaticP14/subject8_limb_EMG.mat,StaticP14,S08_StaticP14_seg0001,1,HandOpen,1,15120,15120,12.0,1260.0,42,43,usable_active_action,original contiguous label run; do not cross this boundary when windowing
8,data/limb/subject08/StaticP14/subject8_limb_EMG.mat,StaticP14,S08_StaticP14_seg0002,2,Lateral grip,15121,30240,15120,12.0,1260.0,42,43,usable_active_action,original contiguous label run; do not cross this boundary when windowing
8,data/limb/subject08/StaticP14/subject8_limb_EMG.mat,StaticP14,S08_StaticP14_seg0003,3,Pinch grip,30241,45360,15120,12.0,1260.0,42,43,usable_active_action,original contiguous label run; do not cross this boundary when windowing
8,data/limb/subject08/StaticP14/subject8_limb_EMG.mat,StaticP14,S08_StaticP14_seg0004,4,Power grip,45361,60480,15120,12.0,1260.0,42,43,usable_active_action,original contiguous label run; do not cross this boundary when windowing
8,data/limb/subject08/StaticP14/subject8_limb_EMG.mat,StaticP14,S08_StaticP14_seg0005,5,Rest,60481,75600,15120,12.0,1260.0,42,43,usable_rest,original contiguous label run; do not cross this boundary when windowing
8,data/limb/subject08/Dynamic/subject8_limb_EMG.mat,Dynamic,S08_Dynamic_seg0001,1,HandOpen,1,115673,115673,91.803968,1260.0,42,43,usable_active_action,original contiguous label run; do not cross this boundary when windowing
8,data/limb/subject08/Dynamic/subject8_limb_EMG.mat,Dynamic,S08_Dynamic_seg0002,2,Lateral grip,115674,231346,115673,91.803968,1260.0,42,43,usable_active_action,original contiguous label run; do not cross this boundary when windowing
8,data/limb/subject08/Dynamic/subject8_limb_EMG.mat,Dynamic,S08_Dynamic_seg0003,3,Pinch grip,231347,339879,108533,86.137302,1260.0,42,43,usable_active_action,original contiguous label run; do not cross this boundary when windowing
8,data/limb/subject08/Dynamic/subject8_limb_EMG.mat,Dynamic,S08_Dynamic_seg0004,4,Power grip,339880,464121,124242,98.604762,1260.0,42,43,usable_active_action,original contiguous label run; do not cross this boundary when windowing
8,data/limb/subject08/Dynamic/subject8_limb_EMG.mat,Dynamic,S08_Dynamic_seg0005,5,Rest,464122,698263,234142,185.826984,1260.0,42,43,usable_rest,original contiguous label run; do not cross this boundary when windowing
10,data/limb/subject10/StaticP1/subject10_limb_EMG.mat,StaticP1,S10_StaticP1_seg0001,1,HandOpen,1,15120,15120,12.0,1260.0,42,43,usable_active_action,original contiguous label run; do not cross this boundary when windowing
10,data/limb/subject10/StaticP1/subject10_limb_EMG.mat,StaticP1,S10_StaticP1_seg0002,2,Lateral grip,15121,30240,15120,12.0,1260.0,42,43,usable_active_action,original contiguous label run; do not cross this boundary when windowing
10,data/limb/subject10/StaticP1/subject10_limb_EMG.mat,StaticP1,S10_StaticP1_seg0003,3,Pinch grip,30241,45364,15124,12.003175,1260.0,42,43,usable_active_action,original contiguous label run; do not cross this boundary when windowing
10,data/limb/subject10/StaticP1/subject10_limb_EMG.mat,StaticP1,S10_StaticP1_seg0004,4,Power grip,45365,60484,15120,12.0,1260.0,42,43,usable_active_action,original contiguous label run; do not cross this boundary when windowing
10,data/limb/subject10/StaticP1/subject10_limb_EMG.mat,StaticP1,S10_StaticP1_seg0005,5,Rest,60485,75604,15120,12.0,1260.0,42,43,usable_rest,original contiguous label run; do not cross this boundary when windowing
10,data/limb/subject10/StaticP2/subject10_limb_EMG.mat,StaticP2,S10_StaticP2_seg0001,1,HandOpen,1,15120,15120,12.0,1260.0,42,43,usable_active_action,original contiguous label run; do not cross this boundary when windowing
10,data/limb/subject10/StaticP2/subject10_limb_EMG.mat,StaticP2,S10_StaticP2_seg0002,2,Lateral grip,15121,30240,15120,12.0,1260.0,42,43,usable_active_action,original contiguous label run; do not cross this boundary when windowing
10,data/limb/subject10/StaticP2/subject10_limb_EMG.mat,StaticP2,S10_StaticP2_seg0003,3,Pinch grip,30241,45360,15120,12.0,1260.0,42,43,usable_active_action,original contiguous label run; do not cross this boundary when windowing
10,data/limb/subject10/StaticP2/subject10_limb_EMG.mat,StaticP2,S10_StaticP2_seg0004,4,Power grip,45361,60480,15120,12.0,1260.0,42,43,usable_active_action,original contiguous label run; do not cross this boundary when windowing
10,data/limb/subject10/StaticP2/subject10_limb_EMG.mat,StaticP2,S10_StaticP2_seg0005,5,Rest,60481,75600,15120,12.0,1260.0,42,43,usable_rest,original contiguous label run; do not cross this boundary when windowing
10,data/limb/subject10/StaticP3/subject10_limb_EMG.mat,StaticP3,S10_StaticP3_seg0001,1,HandOpen,1,15120,15120,12.0,1260.0,42,43,usable_active_action,original contiguous label run; do not cross this boundary when windowing
10,data/limb/subject10/StaticP3/subject10_limb_EMG.mat,StaticP3,S10_StaticP3_seg0002,2,Lateral grip,15121,30240,15120,12.0,1260.0,42,43,usable_active_action,original contiguous label run; do not cross this boundary when windowing
10,data/limb/subject10/StaticP3/subject10_limb_EMG.mat,StaticP3,S10_StaticP3_seg0003,3,Pinch grip,30241,45360,15120,12.0,1260.0,42,43,usable_active_action,original contiguous label run; do not cross this boundary when windowing
10,data/limb/subject10/StaticP3/subject10_limb_EMG.mat,StaticP3,S10_StaticP3_seg0004,4,Power grip,45361,60480,15120,12.0,1260.0,42,43,usable_active_action,original contiguous label run; do not cross this boundary when windowing
10,data/limb/subject10/StaticP3/subject10_limb_EMG.mat,StaticP3,S10_StaticP3_seg0005,5,Rest,60481,75600,15120,12.0,1260.0,42,43,usable_rest,original contiguous label run; do not cross this boundary when windowing
10,data/limb/subject10/StaticP4/subject10_limb_EMG.mat,StaticP4,S10_StaticP4_seg0001,1,HandOpen,1,15120,15120,12.0,1260.0,42,43,usable_active_action,original contiguous label run; do not cross this boundary when windowing
10,data/limb/subject10/StaticP4/subject10_limb_EMG.mat,StaticP4,S10_StaticP4_seg0002,2,Lateral grip,15121,30240,15120,12.0,1260.0,42,43,usable_active_action,original contiguous label run; do not cross this boundary when windowing
10,data/limb/subject10/StaticP4/subject10_limb_EMG.mat,StaticP4,S10_StaticP4_seg0003,3,Pinch grip,30241,45360,15120,12.0,1260.0,42,43,usable_active_action,original contiguous label run; do not cross this boundary when windowing
10,data/limb/subject10/StaticP4/subject10_limb_EMG.mat,StaticP4,S10_StaticP4_seg0004,4,Power grip,45361,60480,15120,12.0,1260.0,42,43,usable_active_action,original contiguous label run; do not cross this boundary when windowing
10,data/limb/subject10/StaticP4/subject10_limb_EMG.mat,StaticP4,S10_StaticP4_seg0005,5,Rest,60481,75600,15120,12.0,1260.0,42,43,usable_rest,original contiguous label run; do not cross this boundary when windowing
10,data/limb/subject10/StaticP9/subject10_limb_EMG.mat,StaticP9,S10_StaticP9_seg0001,1,HandOpen,1,15120,15120,12.0,1260.0,42,43,usable_active_action,original contiguous label run; do not cross this boundary when windowing
10,data/limb/subject10/StaticP9/subject10_limb_EMG.mat,StaticP9,S10_StaticP9_seg0002,2,Lateral grip,15121,30240,15120,12.0,1260.0,42,43,usable_active_action,original contiguous label run; do not cross this boundary when windowing
10,data/limb/subject10/StaticP9/subject10_limb_EMG.mat,StaticP9,S10_StaticP9_seg0003,3,Pinch grip,30241,45364,15124,12.003175,1260.0,42,43,usable_active_action,original contiguous label run; do not cross this boundary when windowing
10,data/limb/subject10/StaticP9/subject10_limb_EMG.mat,StaticP9,S10_StaticP9_seg0004,4,Power grip,45365,60484,15120,12.0,1260.0,42,43,usable_active_action,original contiguous label run; do not cross this boundary when windowing
10,data/limb/subject10/StaticP9/subject10_limb_EMG.mat,StaticP9,S10_StaticP9_seg0005,5,Rest,60485,75604,15120,12.0,1260.0,42,43,usable_rest,original contiguous label run; do not cross this boundary when windowing
10,data/limb/subject10/StaticP10/subject10_limb_EMG.mat,StaticP10,S10_StaticP10_seg0001,1,HandOpen,1,15120,15120,12.0,1260.0,42,43,usable_active_action,original contiguous label run; do not cross this boundary when windowing
10,data/limb/subject10/StaticP10/subject10_limb_EMG.mat,StaticP10,S10_StaticP10_seg0002,2,Lateral grip,15121,30240,15120,12.0,1260.0,42,43,usable_active_action,original contiguous label run; do not cross this boundary when windowing
10,data/limb/subject10/StaticP10/subject10_limb_EMG.mat,StaticP10,S10_StaticP10_seg0003,3,Pinch grip,30241,45360,15120,12.0,1260.0,42,43,usable_active_action,original contiguous label run; do not cross this boundary when windowing
10,data/limb/subject10/StaticP10/subject10_limb_EMG.mat,StaticP10,S10_StaticP10_seg0004,4,Power grip,45361,60480,15120,12.0,1260.0,42,43,usable_active_action,original contiguous label run; do not cross this boundary when windowing
10,data/limb/subject10/StaticP10/subject10_limb_EMG.mat,StaticP10,S10_StaticP10_seg0005,5,Rest,60481,75600,15120,12.0,1260.0,42,43,usable_rest,original contiguous label run; do not cross this boundary when windowing
10,data/limb/subject10/StaticP14/subject10_limb_EMG.mat,StaticP14,S10_StaticP14_seg0001,1,HandOpen,1,15120,15120,12.0,1260.0,42,43,usable_active_action,original contiguous label run; do not cross this boundary when windowing
10,data/limb/subject10/StaticP14/subject10_limb_EMG.mat,StaticP14,S10_StaticP14_seg0002,2,Lateral grip,15121,30240,15120,12.0,1260.0,42,43,usable_active_action,original contiguous label run; do not cross this boundary when windowing
10,data/limb/subject10/StaticP14/subject10_limb_EMG.mat,StaticP14,S10_StaticP14_seg0003,3,Pinch grip,30241,45360,15120,12.0,1260.0,42,43,usable_active_action,original contiguous label run; do not cross this boundary when windowing
10,data/limb/subject10/StaticP14/subject10_limb_EMG.mat,StaticP14,S10_StaticP14_seg0004,4,Power grip,45361,60480,15120,12.0,1260.0,42,43,usable_active_action,original contiguous label run; do not cross this boundary when windowing
10,data/limb/subject10/StaticP14/subject10_limb_EMG.mat,StaticP14,S10_StaticP14_seg0005,5,Rest,60481,75600,15120,12.0,1260.0,42,43,usable_rest,original contiguous label run; do not cross this boundary when windowing
10,data/limb/subject10/Dynamic/subject10_limb_EMG.mat,Dynamic,S10_Dynamic_seg0001,1,HandOpen,1,84645,84645,67.178571,1260.0,42,43,usable_active_action,original contiguous label run; do not cross this boundary when windowing
10,data/limb/subject10/Dynamic/subject10_limb_EMG.mat,Dynamic,S10_Dynamic_seg0002,2,Lateral grip,84646,191181,106536,84.552381,1260.0,42,43,usable_active_action,original contiguous label run; do not cross this boundary when windowing
10,data/limb/subject10/Dynamic/subject10_limb_EMG.mat,Dynamic,S10_Dynamic_seg0003,3,Pinch grip,191182,325445,134264,106.55873,1260.0,42,43,usable_active_action,original contiguous label run; do not cross this boundary when windowing
10,data/limb/subject10/Dynamic/subject10_limb_EMG.mat,Dynamic,S10_Dynamic_seg0004,4,Power grip,325446,442195,116750,92.65873,1260.0,42,43,usable_active_action,original contiguous label run; do not cross this boundary when windowing
10,data/limb/subject10/Dynamic/subject10_limb_EMG.mat,Dynamic,S10_Dynamic_seg0005,5,Rest,442196,672355,230160,182.666667,1260.0,42,43,usable_rest,original contiguous label run; do not cross this boundary when windowing
