subject_id,fold_count,selected_model_counts,selected_window_counts,selected_trim_counts,selected_modality_counts,test_segment_macro_f1_mean,test_segment_macro_f1_std,test_segment_macro_f1_min,test_segment_macro_f1_max,test_segment_accuracy_mean,test_segment_accuracy_std,test_segment_accuracy_min,test_segment_accuracy_max,test_segment_balanced_accuracy_mean,test_segment_balanced_accuracy_std,test_segment_balanced_accuracy_min,test_segment_balanced_accuracy_max,test_segment_macro_precision_mean,test_segment_macro_precision_std,test_segment_macro_precision_min,test_segment_macro_precision_max,test_segment_macro_recall_mean,test_segment_macro_recall_std,test_segment_macro_recall_min,test_segment_macro_recall_max,test_window_macro_f1_mean,test_window_macro_f1_std,test_window_macro_f1_min,test_window_macro_f1_max
1,8,"{""ShrinkageLDA"": 5, ""RBF-SVM"": 2, ""RandomForest"": 1}","{""win1p0s_50ov"": 4, ""win0p5s_50ov"": 3, ""win0p25s_50ov"": 1}","{""trim20_each_end"": 3, ""trim10_each_end"": 3, ""full_segment"": 2}","{""EMG"": 5, ""EMG_IMU"": 2, ""EMG_ACC"": 1}",0.8041666666666667,0.18033258515820502,0.5,1.0,0.8500000000000001,0.1414213562373095,0.6,1.0,0.8500000000000001,0.1414213562373095,0.6,1.0,0.7833333333333332,0.19599157740244458,0.4666666666666666,1.0,0.8500000000000001,0.1414213562373095,0.6,1.0,0.829148159258279,0.11855719325345099,0.63699491020539,0.9856960408684546
2,8,"{""ShrinkageLDA"": 8}","{""win1p0s_50ov"": 6, ""win0p5s_50ov"": 2}","{""trim10_each_end"": 4, ""trim20_each_end"": 3, ""full_segment"": 1}","{""EMG"": 4, ""EMG_IMU"": 2, ""EMG_ACC"": 2}",0.9666666666666667,0.09428090415820635,0.7333333333333333,1.0,0.975,0.07071067811865474,0.8,1.0,0.975,0.07071067811865474,0.8,1.0,0.9625,0.10606601717798214,0.7,1.0,0.975,0.07071067811865474,0.8,1.0,0.9203427840655706,0.11403514416729861,0.6509113428803033,1.0
3,8,"{""ShrinkageLDA"": 7, ""LogisticRegression"": 1}","{""win1p0s_50ov"": 7, ""win0p25s_50ov"": 1}","{""trim20_each_end"": 5, ""full_segment"": 2, ""trim10_each_end"": 1}","{""EMG"": 7, ""EMG_IMU"": 1}",0.9666666666666667,0.09428090415820635,0.7333333333333333,1.0,0.975,0.07071067811865474,0.8,1.0,0.975,0.07071067811865474,0.8,1.0,0.9625,0.10606601717798214,0.7,1.0,0.975,0.07071067811865474,0.8,1.0,0.9411989552508087,0.11392802235751959,0.6621661544418831,1.0
4,8,"{""ShrinkageLDA"": 7, ""RandomForest"": 1}","{""win1p0s_50ov"": 5, ""win0p25s_50ov"": 2, ""win0p5s_50ov"": 1}","{""trim20_each_end"": 3, ""full_segment"": 3, ""trim10_each_end"": 2}","{""EMG"": 4, ""EMG_ACC"": 2, ""EMG_IMU"": 2}",0.9,0.13801311186847087,0.7333333333333333,1.0,0.925,0.10350983390135311,0.8,1.0,0.925,0.10350983390135311,0.8,1.0,0.8875,0.1552647508520297,0.7,1.0,0.925,0.10350983390135311,0.8,1.0,0.8465506998470308,0.11574776979074435,0.660567585255935,0.956501182033097
5,8,"{""ShrinkageLDA"": 8}","{""win1p0s_50ov"": 4, ""win0p25s_50ov"": 3, ""win0p5s_50ov"": 1}","{""trim20_each_end"": 5, ""trim10_each_end"": 3}","{""EMG"": 4, ""EMG_ACC"": 2, ""EMG_IMU"": 2}",1.0,0.0,1.0,1.0,1.0,0.0,1.0,1.0,1.0,0.0,1.0,1.0,1.0,0.0,1.0,1.0,1.0,0.0,1.0,1.0,0.9664020384360692,0.03471255805808993,0.9101604278074866,1.0
6,8,"{""ShrinkageLDA"": 7, ""RandomForest"": 1}","{""win1p0s_50ov"": 4, ""win0p25s_50ov"": 2, ""win0p5s_50ov"": 2}","{""full_segment"": 4, ""trim20_each_end"": 3, ""trim10_each_end"": 1}","{""EMG_IMU"": 4, ""EMG"": 3, ""EMG_ACC"": 1}",0.7416666666666667,0.18919210024113264,0.5,1.0,0.8,0.1511857892036909,0.6,1.0,0.8,0.1511857892036909,0.6,1.0,0.7166666666666666,0.20236694629405505,0.4666666666666666,1.0,0.8,0.1511857892036909,0.6,1.0,0.7348157891991685,0.15626212668856726,0.4877511961722488,0.9824411337454816
7,8,"{""ShrinkageLDA"": 6, ""RBF-SVM"": 2}","{""win1p0s_50ov"": 6, ""win0p5s_50ov"": 2}","{""full_segment"": 6, ""trim20_each_end"": 2}","{""EMG_IMU"": 3, ""EMG"": 3, ""EMG_ACC"": 2}",0.9666666666666667,0.09428090415820635,0.7333333333333333,1.0,0.975,0.07071067811865474,0.8,1.0,0.975,0.07071067811865474,0.8,1.0,0.9625,0.10606601717798214,0.7,1.0,0.975,0.07071067811865474,0.8,1.0,0.9095497272401918,0.06749112244101382,0.7856304063564377,1.0
8,8,"{""ShrinkageLDA"": 6, ""LogisticRegression"": 1, ""RandomForest"": 1}","{""win1p0s_50ov"": 5, ""win0p5s_50ov"": 2, ""win0p25s_50ov"": 1}","{""full_segment"": 4, ""trim10_each_end"": 2, ""trim20_each_end"": 2}","{""EMG"": 6, ""EMG_IMU"": 1, ""EMG_ACC"": 1}",0.9333333333333333,0.12344267996967355,0.7333333333333333,1.0,0.95,0.09258200997725513,0.8,1.0,0.95,0.09258200997725513,0.8,1.0,0.925,0.13887301496588275,0.7,1.0,0.95,0.09258200997725513,0.8,1.0,0.8900849033273602,0.08978308633746875,0.7632520325203253,0.9856960408684546
10,8,"{""ShrinkageLDA"": 5, ""RBF-SVM"": 1, ""RandomForest"": 1, ""LogisticRegression"": 1}","{""win1p0s_50ov"": 7, ""win0p5s_50ov"": 1}","{""trim10_each_end"": 4, ""trim20_each_end"": 3, ""full_segment"": 1}","{""EMG"": 4, ""EMG_IMU"": 3, ""EMG_ACC"": 1}",0.6499999999999999,0.2357022603955158,0.2,1.0,0.7,0.23904572186687875,0.2,1.0,0.7,0.23904572186687875,0.2,1.0,0.625,0.23754698783308412,0.2,1.0,0.7,0.23904572186687875,0.2,1.0,0.6294176023610036,0.14383311535465215,0.4452015040250334,0.8831733783457922
